run_id,collection_timestamp,train_number,train_name,train_type,train_category,journey_date,current_station_code,next_station_code,latitude,longitude,segment_progress,delay_minutes,scheduled_arrival,scheduled_departure,actual_arrival,actual_departure,platform,current_location_status,movement_state,distance_from_origin_km,distance_from_last_station_km,route_sequence,previous_delay,delay_change_prev,time_since_previous_observation_seconds,distance_travelled_km,station_transition,route_position_change,estimated_speed_kmh,hour,minute,time_of_day_minutes,day_of_week,future_delay,target_delay_change
20260821T160834Z-moving-38f8f31b,2026-08-21T16:12:20.871847+00:00,12809,Mumbai CSMT - Howrah Mail,Superfast Express,Express,2026-08-20,JDDA,SKT,22.010298,82.9381,0.5981481481481381,130,2026-08-21T19:28:00+05:30,2026-08-21T19:28:00+05:30,2026-08-21T21:37:23+05:30,2026-08-21T21:37:23+05:30,,departed,MOVING,1328.16,6.46,215.0,,,,,False,,,16,12,972,4,130.0,0.0
20260821T160834Z-moving-38f8f31b,2026-08-21T16:13:52.328842+00:00,12809,Mumbai CSMT - Howrah Mail,Superfast Express,Express,2026-08-20,JDDA,SKT,22.011265,82.9493,0.7046296296296178,130,2026-08-21T19:28:00+05:30,2026-08-21T19:28:00+05:30,2026-08-21T21:37:23+05:30,2026-08-21T21:37:23+05:30,,departed,MOVING,1329.31,7.61,215.0,130.0,0.0,91.456995,1.1499999999998636,False,0.0,45.26717721262882,16,13,973,4,129.0,-1.0
20260821T160834Z-moving-38f8f31b,2026-08-21T16:16:00.433479+00:00,12809,Mumbai CSMT - Howrah Mail,Superfast Express,Express,2026-08-20,SKT,KHS,22.011793,82.95621,,129,2026-08-21T19:35:00+05:30,2026-08-21T19:37:00+05:30,2026-08-21T21:43:09+05:30,2026-08-21T21:46:00+05:30,1.0,at-station,MOVING,1330.4,0.0,216.0,130.0,-1.0,128.104637,1.0900000000001455,True,1.0,30.63120970399006,16,16,976,4,131.0,2.0
20260821T160834Z-moving-38f8f31b,2026-08-21T16:18:08.662874+00:00,12809,Mumbai CSMT - Howrah Mail,Superfast Express,Express,2026-08-20,SKT,KHS,22.01182,82.95614,,131,2026-08-21T19:35:00+05:30,2026-08-21T19:37:00+05:30,2026-08-21T21:43:09+05:30,2026-08-21T21:48:00+05:30,1.0,at-station,STATIONARY,1330.4,0.0,216.0,129.0,2.0,128.229395,0.0,False,0.0,0.0,16,18,978,4,133.0,2.0
20260821T160834Z-moving-38f8f31b,2026-08-21T16:20:16.721645+00:00,12809,Mumbai CSMT - Howrah Mail,Superfast Express,Express,2026-08-20,SKT,KHS,22.011854,82.95836,,133,2026-08-21T19:35:00+05:30,2026-08-21T19:37:00+05:30,2026-08-21T21:43:09+05:30,2026-08-21T21:50:00+05:30,1.0,at-station,MOVING,1330.4,0.0,216.0,131.0,2.0,128.058771,0.0,False,0.0,0.0,16,20,980,4,133.0,0.0
20260821T160834Z-moving-38f8f31b,2026-08-21T16:22:24.771296+00:00,12809,Mumbai CSMT - Howrah Mail,Superfast Express,Express,2026-08-20,SKT,KHS,22.011204,82.975266,0.2679999999999999,133,2026-08-21T19:35:00+05:30,2026-08-21T19:37:00+05:30,2026-08-21T21:43:09+05:30,2026-08-21T21:49:40+05:30,1.0,departed,MOVING,1332.11,2.01,216.0,133.0,0.0,128.049651,1.709999999999809,False,0.0,48.0751017431458,16,22,982,4,133.0,0.0
20260821T160834Z-moving-38f8f31b,2026-08-21T16:25:15.656229+00:00,12809,Mumbai CSMT - Howrah Mail,Superfast Express,Express,2026-08-20,SKT,KHS,22.00599,83.021065,0.9013333333333332,133,2026-08-21T19:35:00+05:30,2026-08-21T19:37:00+05:30,2026-08-21T21:43:09+05:30,2026-08-21T21:49:40+05:30,1.0,departed,MOVING,1336.86,6.76,216.0,133.0,0.0,170.884933,4.75,False,0.0,100.06733595407151,16,25,985,4,135.0,2.0
20260821T160834Z-moving-38f8f31b,2026-08-21T16:13:15.706490+00:00,95011,KP11/Mumbai CSMT - Khopoli Fast Local,EMU,Local,2026-08-21,DWJN,DI,19.201004,73.0641937,,7,2026-08-21T21:35:00+05:30,2026-08-21T21:35:00+05:30,2026-08-21T21:43:00+05:30,2026-08-21T21:43:00+05:30,,at-station,UNKNOWN,42.2,0.0,26.0,,,,,False,,,16,13,973,4,8.0,1.0
20260821T160834Z-moving-38f8f31b,2026-08-21T16:14:10.519331+00:00,95011,KP11/Mumbai CSMT - Khopoli Fast Local,EMU,Local,2026-08-21,DWJN,DI,19.201004,73.0641937,,8,2026-08-21T21:35:00+05:30,2026-08-21T21:35:00+05:30,2026-08-21T21:43:00+05:30,2026-08-21T21:44:00+05:30,,at-station,STATIONARY,42.2,0.0,26.0,7.0,1.0,54.812841,0.0,False,0.0,0.0,16,14,974,4,5.0,-3.0
20260821T160834Z-moving-38f8f31b,2026-08-21T16:16:18.711346+00:00,95011,KP11/Mumbai CSMT - Khopoli Fast Local,EMU,Local,2026-08-21,DI,KYN,19.2181205,73.0868911,,5,2026-08-21T21:39:00+05:30,2026-08-21T21:39:00+05:30,2026-08-21T21:44:45+05:30,2026-08-21T21:46:00+05:30,4.0,at-station,MOVING,46.3,0.0,28.0,8.0,-3.0,128.192015,4.099999999999994,True,2.0,115.13977684179454,16,16,976,4,5.0,0.0
20260821T160834Z-moving-38f8f31b,2026-08-21T16:18:26.827736+00:00,95011,KP11/Mumbai CSMT - Khopoli Fast Local,EMU,Local,2026-08-21,THK,KYN,19.2301616,73.1132888,0.5928571428571434,5,2026-08-21T21:42:00+05:30,2026-08-21T21:42:00+05:30,2026-08-21T21:46:03+05:30,2026-08-21T21:46:03+05:30,,departed,MOVING,47.7,1.66,29.0,5.0,0.0,128.11639,1.4000000000000057,True,1.0,39.33922896204007,16,18,978,4,5.0,0.0
20260821T160834Z-moving-38f8f31b,2026-08-21T16:20:34.919996+00:00,95011,KP11/Mumbai CSMT - Khopoli Fast Local,EMU,Local,2026-08-21,THK,KYN,19.2301616,73.1132888,0.5928571428571434,5,2026-08-21T21:42:00+05:30,2026-08-21T21:42:00+05:30,2026-08-21T21:46:03+05:30,2026-08-21T21:46:03+05:30,,departed,STATIONARY,47.7,1.66,29.0,5.0,0.0,128.09226,0.0,False,0.0,0.0,16,20,980,4,1.0,-4.0
20260821T160834Z-moving-38f8f31b,2026-08-21T16:11:56.404852+00:00,95135,S 39/ Mumbai CSMT - Karjat Fast Local,EMU,Local,2026-08-21,PR,DR,19.00918,72.8375778,0.2402402402402402,3,2026-08-21T21:39:00+05:30,2026-08-21T21:39:00+05:30,2026-08-21T21:41:36+05:30,2026-08-21T21:42:00+05:30,,at-station,UNKNOWN,8.0,0.0,9.0,,,,,False,,,16,11,971,4,5.0,2.0
20260821T160834Z-moving-38f8f31b,2026-08-21T16:15:36.012976+00:00,95135,S 39/ Mumbai CSMT - Karjat Fast Local,EMU,Local,2026-08-21,PR,DR,19.00918,72.8375778,0.2402402402402402,5,2026-08-21T21:39:00+05:30,2026-08-21T21:39:00+05:30,2026-08-21T21:41:36+05:30,2026-08-21T21:45:00+05:30,,at-station,STATIONARY,8.0,0.0,9.0,3.0,2.0,219.608124,0.0,False,0.0,0.0,16,15,975,4,3.0,-2.0
20260821T160834Z-moving-38f8f31b,2026-08-21T16:17:44.031335+00:00,95135,S 39/ Mumbai CSMT - Karjat Fast Local,EMU,Local,2026-08-21,PR,DR,19.00918,72.8375778,0.2402402402402402,3,2026-08-21T21:39:00+05:30,2026-08-21T21:39:00+05:30,2026-08-21T21:41:36+05:30,2026-08-21T21:47:00+05:30,,at-station,STATIONARY,8.0,0.0,9.0,5.0,-2.0,128.018359,0.0,False,0.0,0.0,16,17,977,4,9.0,6.0
20260821T160834Z-moving-38f8f31b,2026-08-21T16:19:52.208459+00:00,95135,S 39/ Mumbai CSMT - Karjat Fast Local,EMU,Local,2026-08-21,DR,CLA,19.01776,72.843475,0.2702702702702703,9,2026-08-21T21:40:00+05:30,2026-08-21T21:40:00+05:30,2026-08-21T21:45:56+05:30,2026-08-21T21:49:00+05:30,,at-station,MOVING,9.0,0.0,10.0,3.0,6.0,128.177124,1.0,True,1.0,28.086134933094616,16,19,979,4,11.0,2.0
20260821T160834Z-moving-38f8f31b,2026-08-21T16:22:00.471348+00:00,95135,S 39/ Mumbai CSMT - Karjat Fast Local,EMU,Local,2026-08-21,DR,CLA,19.017324,72.8431,0.2702702702702703,11,2026-08-21T21:40:00+05:30,2026-08-21T21:40:00+05:30,2026-08-21T21:45:56+05:30,2026-08-21T21:52:00+05:30,,at-station,MOVING,9.0,0.0,10.0,9.0,2.0,128.262889,0.0,False,0.0,0.0,16,22,982,4,13.0,2.0
20260821T160834Z-moving-38f8f31b,2026-08-21T16:24:26.734543+00:00,95135,S 39/ Mumbai CSMT - Karjat Fast Local,EMU,Local,2026-08-21,MTN,CLA,19.0314483,72.8530578,0.3123123123123123,13,2026-08-21T21:41:00+05:30,2026-08-21T21:41:00+05:30,2026-08-21T21:50:56+05:30,2026-08-21T21:54:00+05:30,,at-station,MOVING,10.4,0.0,11.0,11.0,2.0,146.263195,1.4000000000000004,True,1.0,34.45842954545059,16,24,984,4,13.0,0.0
20260821T160834Z-moving-38f8f31b,2026-08-21T16:28:06.333513+00:00,95135,S 39/ Mumbai CSMT - Karjat Fast Local,EMU,Local,2026-08-21,SION,CLA,19.0526103,72.8685684,0.3873873873873874,13,2026-08-21T21:44:00+05:30,2026-08-21T21:44:00+05:30,2026-08-21T21:58:07+05:30,2026-08-21T21:58:00+05:30,,at-station,MOVING,12.9,0.0,12.0,13.0,0.0,219.59897,2.5,True,1.0,40.98379878557718,16,28,988,4,14.0,1.0
20260821T160834Z-moving-38f8f31b,2026-08-21T16:31:27.641352+00:00,95135,S 39/ Mumbai CSMT - Karjat Fast Local,EMU,Local,2026-08-21,CLA,GC,19.0651493,72.8794021,0.4684684684684685,14,2026-08-21T21:47:00+05:30,2026-08-21T21:47:00+05:30,2026-08-21T22:00:40+05:30,2026-08-21T22:01:00+05:30,5.0,at-station,MOVING,15.6,0.0,13.0,13.0,1.0,201.307839,2.6999999999999993,True,1.0,48.28425980967386,16,31,991,4,12.0,-2.0
20260821T160834Z-moving-38f8f31b,2026-08-21T16:13:03.631743+00:00,95333,A55 / Mumbai CSMT - Ambernath Fast Local,EMU,Local,2026-08-21,CRNM,MLND,19.1637897,72.9509887,0.9189189189189192,18,2026-08-21T21:25:00+05:30,2026-08-21T21:25:00+05:30,2026-08-21T21:39:07+05:30,2026-08-21T21:43:00+05:30,,at-station,UNKNOWN,30.6,0.0,21.0,,,,,False,,,16,13,973,4,18.0,0.0
20260821T160834Z-moving-38f8f31b,2026-08-21T16:14:29.038523+00:00,95333,A55 / Mumbai CSMT - Ambernath Fast Local,EMU,Local,2026-08-21,MLND,TNA,19.17173,72.9566268,0.921921921921922,18,2026-08-21T21:25:00+05:30,2026-08-21T21:25:00+05:30,2026-08-21T21:40:46+05:30,2026-08-21T21:44:00+05:30,3.0,at-station,MOVING,30.7,0.0,22.0,18.0,0.0,85.40678,0.09999999999999787,True,1.0,4.215122031295318,16,14,974,4,16.0,-2.0
20260821T160834Z-moving-38f8f31b,2026-08-21T16:16:37.104254+00:00,95333,A55 / Mumbai CSMT - Ambernath Fast Local,EMU,Local,2026-08-21,TNA,DIVA,19.1861572,72.9761886,1.0,16,2026-08-21T21:29:00+05:30,2026-08-21T21:29:00+05:30,2026-08-21T21:43:34+05:30,2026-08-21T21:46:00+05:30,5.0,at-station,MOVING,33.3,0.0,23.0,18.0,-2.0,128.065731,2.599999999999998,True,1.0,73.08746787226,16,16,976,4,15.0,-1.0
20260821T160834Z-moving-38f8f31b,2026-08-21T16:18:45.267270+00:00,95333,A55 / Mumbai CSMT - Ambernath Fast Local,EMU,Local,2026-08-21,TNA,DIVA,19.1861572,72.9761886,1.0,15,2026-08-21T21:29:00+05:30,2026-08-21T21:29:00+05:30,2026-08-21T21:43:34+05:30,2026-08-21T21:48:00+05:30,5.0,at-station,STATIONARY,33.3,0.0,23.0,16.0,-1.0,128.163016,0.0,False,0.0,0.0,16,18,978,4,18.0,3.0
20260821T160834Z-moving-38f8f31b,2026-08-21T16:20:53.225673+00:00,95333,A55 / Mumbai CSMT - Ambernath Fast Local,EMU,Local,2026-08-21,KLVC,DIVA,19.1971282,72.9989547,,18,,,,,,at-station,MOVING,,,,15.0,3.0,127.958403,,True,,,16,20,980,4,18.0,0.0
20260821T160834Z-moving-38f8f31b,2026-08-21T16:23:01.514843+00:00,95333,A55 / Mumbai CSMT - Ambernath Fast Local,EMU,Local,2026-08-21,MBQ,DIVA,19.1901397,73.0231399,,18,,,,,,at-station,MOVING,,,,18.0,0.0,128.28917,,True,,,16,23,983,4,18.0,0.0
20260821T160834Z-moving-38f8f31b,2026-08-21T16:26:16.538166+00:00,95333,A55 / Mumbai CSMT - Ambernath Fast Local,EMU,Local,2026-08-21,MBQ,DIVA,19.1901397,73.0231399,,18,,,,,,at-station,STATIONARY,,,,18.0,0.0,195.023323,,False,,,16,26,986,4,17.0,-1.0
20260821T160834Z-moving-38f8f31b,2026-08-21T16:13:09.602538+00:00,95421,N27 / Mumbai CSMT - Kasara Fast Local,EMU,Local,2026-08-21,DWJN,DI,19.1958503,73.057373,,4,2026-08-21T21:37:00+05:30,2026-08-21T21:37:00+05:30,2026-08-21T21:39:32+05:30,2026-08-21T21:43:00+05:30,,at-station,UNKNOWN,42.4,0.0,26.0,,,,,False,,,16,13,973,4,3.0,-1.0
20260821T160834Z-moving-38f8f31b,2026-08-21T16:14:04.490466+00:00,95421,N27 / Mumbai CSMT - Kasara Fast Local,EMU,Local,2026-08-21,DWJN,DI,19.1958503,73.057373,,3,2026-08-21T21:37:00+05:30,2026-08-21T21:37:00+05:30,2026-08-21T21:39:32+05:30,2026-08-21T21:44:00+05:30,,at-station,STATIONARY,42.4,0.0,26.0,4.0,-1.0,54.887928,0.0,False,0.0,0.0,16,14,974,4,6.0,3.0
20260821T160834Z-moving-38f8f31b,2026-08-21T16:16:12.626735+00:00,95421,N27 / Mumbai CSMT - Kasara Fast Local,EMU,Local,2026-08-21,DDCL,DI,19.212429,73.0793533,,6,2026-08-21T21:41:00+05:30,2026-08-21T21:41:00+05:30,2026-08-21T21:44:36+05:30,2026-08-21T21:47:00+05:30,,at-station,MOVING,45.3,0.0,27.0,3.0,3.0,128.136269,2.8999999999999986,True,1.0,81.47576077777006,16,16,976,4,6.0,0.0
20260821T160834Z-moving-38f8f31b,2026-08-21T16:18:20.718178+00:00,95421,N27 / Mumbai CSMT - Kasara Fast Local,EMU,Local,2026-08-21,DI,KYN,19.2181205,73.0868911,,6,2026-08-21T21:42:00+05:30,2026-08-21T21:42:00+05:30,2026-08-21T21:45:33+05:30,2026-08-21T21:48:00+05:30,4.0,at-station,MOVING,46.3,0.0,28.0,6.0,0.0,128.091443,1.0,True,1.0,28.104921887717357,16,18,978,4,6.0,0.0
20260821T160834Z-moving-38f8f31b,2026-08-21T16:20:28.821142+00:00,95421,N27 / Mumbai CSMT - Kasara Fast Local,EMU,Local,2026-08-21,DI,KYN,19.2181205,73.0868911,,6,2026-08-21T21:42:00+05:30,2026-08-21T21:42:00+05:30,2026-08-21T21:45:33+05:30,2026-08-21T21:50:00+05:30,4.0,at-station,STATIONARY,46.3,0.0,28.0,6.0,0.0,128.102964,0.0,False,0.0,0.0,16,20,980,4,3.0,-3.0
20260821T160834Z-moving-38f8f31b,2026-08-21T16:22:36.838799+00:00,95421,N27 / Mumbai CSMT - Kasara Fast Local,EMU,Local,2026-08-21,THK,KYN,19.2301769,73.1133422,0.5964285714285705,3,2026-08-21T21:45:00+05:30,2026-08-21T21:45:00+05:30,2026-08-21T21:48:22+05:30,2026-08-21T21:48:22+05:30,,departed,MOVING,47.8,1.67,29.0,6.0,-3.0,128.017657,1.5,True,1.0,42.18168123480029,16,22,982,4,4.0,1.0
20260821T160834Z-moving-38f8f31b,2026-08-21T16:25:27.737390+00:00,95421,N27 / Mumbai CSMT - Kasara Fast Local,EMU,Local,2026-08-21,KYNX,KYN,19.2329292,73.1237869,,4,2026-08-21T21:50:00+05:30,2026-08-21T21:50:00+05:30,2026-08-21T21:52:58+05:30,2026-08-21T21:55:00+05:30,,at-station,MOVING,50.6,0.0,30.0,3.0,1.0,170.898591,2.8000000000000043,True,1.0,58.982347022393036,16,25,985,4,2.0,-2.0
20260821T160834Z-moving-38f8f31b,2026-08-21T16:29:07.374234+00:00,95421,N27 / Mumbai CSMT - Kasara Fast Local,EMU,Local,2026-08-21,KYN,SHAD,19.2354393,73.1311035,,2,2026-08-21T21:52:00+05:30,2026-08-21T21:52:00+05:30,2026-08-21T21:55:12+05:30,2026-08-21T21:59:00+05:30,4.0,at-station,MOVING,51.4,0.0,31.0,4.0,-2.0,219.636844,0.7999999999999972,True,1.0,13.112554103172188,16,29,989,4,5.0,3.0
20260821T160834Z-moving-38f8f31b,2026-08-21T16:11:50.291829+00:00,96223,BL49 / Mumbai CSMT - Badlapur Slow Local,EMU,Local,2026-08-21,BY,CHG,18.981594,72.8328933,0.1261261261261261,2,2026-08-21T21:36:00+05:30,2026-08-21T21:36:00+05:30,2026-08-21T21:37:32+05:30,2026-08-21T21:41:00+05:30,1.0,at-station,UNKNOWN,4.2,0.0,5.0,,,,,False,,,16,11,971,4,6.0,4.0
20260821T160834Z-moving-38f8f31b,2026-08-21T16:20:04.509217+00:00,96223,BL49 / Mumbai CSMT - Badlapur Slow Local,EMU,Local,2026-08-21,PR,DR,19.00918,72.8375778,0.2402402402402402,6,2026-08-21T21:43:00+05:30,2026-08-21T21:43:00+05:30,2026-08-21T21:43:00+05:30,2026-08-21T21:43:00+05:30,1.0,at-station,MOVING,8.0,0.0,9.0,2.0,4.0,494.217388,3.8,True,4.0,27.680126867571882,16,20,980,4,6.0,0.0
20260821T160834Z-moving-38f8f31b,2026-08-21T16:22:12.520120+00:00,96223,BL49 / Mumbai CSMT - Badlapur Slow Local,EMU,Local,2026-08-21,PR,DR,19.00918,72.8375778,0.2402402402402402,6,2026-08-21T21:43:00+05:30,2026-08-21T21:43:00+05:30,2026-08-21T21:43:00+05:30,2026-08-21T21:43:00+05:30,1.0,at-station,STATIONARY,8.0,0.0,9.0,6.0,0.0,128.010903,0.0,False,0.0,0.0,16,22,982,4,5.0,-1.0
20260821T160834Z-moving-38f8f31b,2026-08-21T16:32:04.393708+00:00,96223,BL49 / Mumbai CSMT - Badlapur Slow Local,EMU,Local,2026-08-21,SION,CLA,19.0590286,72.8741149,0.6629629629629632,5,2026-08-21T21:52:00+05:30,2026-08-21T21:52:00+05:30,2026-08-21T21:52:00+05:30,2026-08-21T21:52:00+05:30,,departed,MOVING,12.9,1.79,12.0,6.0,-1.0,591.873588,4.9,True,3.0,29.803661385883636,16,32,992,4,4.0,-1.0
20260821T160834Z-moving-38f8f31b,2026-08-21T16:13:21.826164+00:00,96333,A57 / Mumbai CSMT - Ambernath Slow Local,EMU,Local,2026-08-21,VK,KJRD,19.1119403,72.9284667,0.6936936936936938,26,2026-08-21T21:16:00+05:30,2026-08-21T21:16:00+05:30,2026-08-21T21:40:41+05:30,2026-08-21T21:43:00+05:30,1.0,at-station,UNKNOWN,23.1,0.0,17.0,,,,,False,,,16,13,973,4,26.0,0.0
20260821T160834Z-moving-38f8f31b,2026-08-21T16:14:47.237653+00:00,96333,A57 / Mumbai CSMT - Ambernath Slow Local,EMU,Local,2026-08-21,VK,KJRD,19.1119403,72.9284667,0.6936936936936938,26,2026-08-21T21:16:00+05:30,2026-08-21T21:16:00+05:30,2026-08-21T21:40:41+05:30,2026-08-21T21:44:00+05:30,1.0,at-station,STATIONARY,23.1,0.0,17.0,26.0,0.0,85.411489,0.0,False,0.0,0.0,16,14,974,4,26.0,0.0
20260821T160834Z-moving-38f8f31b,2026-08-21T16:16:55.331338+00:00,96333,A57 / Mumbai CSMT - Ambernath Slow Local,EMU,Local,2026-08-21,VK,KJRD,19.1119403,72.9284667,0.6936936936936938,26,2026-08-21T21:16:00+05:30,2026-08-21T21:16:00+05:30,2026-08-21T21:40:41+05:30,2026-08-21T21:46:00+05:30,1.0,at-station,STATIONARY,23.1,0.0,17.0,26.0,0.0,128.093685,0.0,False,0.0,0.0,16,16,976,4,26.0,0.0
20260821T160834Z-moving-38f8f31b,2026-08-21T16:19:03.587317+00:00,96333,A57 / Mumbai CSMT - Ambernath Slow Local,EMU,Local,2026-08-21,BND,NHU,19.1422805,72.9377899,0.8048048048048049,26,2026-08-21T21:22:00+05:30,2026-08-21T21:22:00+05:30,2026-08-21T21:48:08+05:30,2026-08-21T21:49:00+05:30,1.0,at-station,MOVING,26.8,0.0,19.0,26.0,0.0,128.255979,3.6999999999999993,True,2.0,103.85480742383166,16,19,979,4,26.0,0.0
20260821T160834Z-moving-38f8f31b,2026-08-21T16:21:11.650655+00:00,96333,A57 / Mumbai CSMT - Ambernath Slow Local,EMU,Local,2026-08-21,BND,NHU,19.1422805,72.9377899,0.8048048048048049,26,2026-08-21T21:22:00+05:30,2026-08-21T21:22:00+05:30,2026-08-21T21:48:08+05:30,2026-08-21T21:51:00+05:30,1.0,at-station,STATIONARY,26.8,0.0,19.0,26.0,0.0,128.063338,0.0,False,0.0,0.0,16,21,981,4,26.0,0.0
20260821T160834Z-moving-38f8f31b,2026-08-21T16:23:19.689408+00:00,96333,A57 / Mumbai CSMT - Ambernath Slow Local,EMU,Local,2026-08-21,NHU,MLND,19.15452,72.9468307,0.8558558558558559,26,2026-08-21T21:25:00+05:30,2026-08-21T21:25:00+05:30,2026-08-21T21:51:02+05:30,2026-08-21T21:53:00+05:30,1.0,at-station,MOVING,28.5,0.0,20.0,26.0,0.0,128.038753,1.6999999999999993,True,1.0,47.79802877336674,16,23,983,4,27.0,1.0
20260821T160834Z-moving-38f8f31b,2026-08-21T16:11:44.209025+00:00,96411,Kasara Mumbai EMU,EMU,Local,2026-08-21,MZNC,BY,18.9702205,72.8334274,0.1081081081081081,2,2026-08-21T21:39:00+05:30,2026-08-21T21:39:00+05:30,2026-08-21T21:41:17+05:30,2026-08-21T21:41:00+05:30,,at-station,UNKNOWN,3.6,0.0,4.0,,,,,False,,,16,11,971,4,4.0,2.0
20260821T160834Z-moving-38f8f31b,2026-08-21T16:20:10.516439+00:00,96411,Kasara Mumbai EMU,EMU,Local,2026-08-21,CRD,PR,18.9993801,72.8339538,0.1861861861861862,4,2026-08-21T21:44:00+05:30,2026-08-21T21:44:00+05:30,2026-08-21T21:44:00+05:30,2026-08-21T21:44:00+05:30,1.0,at-station,MOVING,6.2,0.0,7.0,2.0,2.0,506.307414,2.6,True,3.0,18.48679229492776,16,20,980,4,4.0,0.0
20260821T160834Z-moving-38f8f31b,2026-08-21T16:22:18.707531+00:00,96411,Kasara Mumbai EMU,EMU,Local,2026-08-21,CRD,PR,18.9993801,72.8339538,0.1861861861861862,4,2026-08-21T21:44:00+05:30,2026-08-21T21:44:00+05:30,2026-08-21T21:44:00+05:30,2026-08-21T21:44:00+05:30,1.0,at-station,STATIONARY,6.2,0.0,7.0,4.0,0.0,128.191092,0.0,False,0.0,0.0,16,22,982,4,5.0,1.0
20260821T160834Z-moving-38f8f31b,2026-08-21T16:28:24.641659+00:00,96411,Kasara Mumbai EMU,EMU,Local,2026-08-21,MTN,SION,19.0333499,72.8543548,0.3123123123123123,5,2026-08-21T21:53:00+05:30,2026-08-21T21:53:00+05:30,2026-08-21T21:56:00+05:30,2026-08-21T21:56:00+05:30,1.0,at-station,MOVING,10.4,0.0,11.0,4.0,1.0,365.934128,4.2,True,4.0,41.31891191083441,16,28,988,4,5.0,0.0
20260821T160834Z-moving-38f8f31b,2026-08-21T16:32:10.349986+00:00,96411,Kasara Mumbai EMU,EMU,Local,2026-08-21,MTN,SION,19.0333499,72.8543548,0.3123123123123123,5,2026-08-21T21:53:00+05:30,2026-08-21T21:53:00+05:30,2026-08-21T21:56:00+05:30,2026-08-21T21:56:00+05:30,1.0,at-station,STATIONARY,10.4,0.0,11.0,5.0,0.0,225.708327,0.0,False,0.0,0.0,16,32,992,4,3.0,-2.0
20260821T160834Z-moving-38f8f31b,2026-08-21T16:26:22.644573+00:00,96519,AN29 / Mumbai CSMT - Asangaon Slow Local,EMU,Local,2026-08-21,KJRD,BND,19.1329669,72.9315032,0.7507507507507508,17,2026-08-21T21:37:00+05:30,2026-08-21T21:37:00+05:30,2026-08-21T21:37:00+05:30,2026-08-21T21:38:00+05:30,1.0,at-station,MOVING,25.0,0.0,18.0,,,,,False,,,16,26,986,4,17.0,0.0
20260821T160834Z-moving-38f8f31b,2026-08-21T16:13:34.002084+00:00,96643,TL55 / Mumbai CSMT - Titvala Slow Local,EMU,Local,2026-08-21,BND,NHU,19.1422805,72.9377899,0.8048048048048049,33,2026-08-21T21:15:00+05:30,2026-08-21T21:15:00+05:30,2026-08-21T21:49:00+05:30,2026-08-21T21:48:00+05:30,1.0,at-station,UNKNOWN,26.8,0.0,19.0,,,,,False,,,16,13,973,4,40.0,7.0
20260821T160834Z-moving-38f8f31b,2026-08-21T16:14:41.147281+00:00,96643,TL55 / Mumbai CSMT - Titvala Slow Local,EMU,Local,2026-08-21,VVH,GC,19.0790939,72.8972625,0.5435435435435436,40,2026-08-21T21:02:00+05:30,2026-08-21T21:02:00+05:30,2026-08-21T21:27:35+05:30,2026-08-21T21:40:45+05:30,1.0,at-station,MOVING,18.1,0.0,15.0,33.0,7.0,67.145197,-8.7,True,-4.0,,16,14,974,4,21.0,-19.0
20260821T160834Z-moving-38f8f31b,2026-08-21T16:21:05.436423+00:00,96643,TL55 / Mumbai CSMT - Titvala Slow Local,EMU,Local,2026-08-21,TNA,KLVA,19.1896743,72.9840927,1.0,21,2026-08-21T21:27:00+05:30,2026-08-21T21:27:00+05:30,2026-08-21T21:26:00+05:30,2026-08-21T21:27:00+05:30,2.0,at-station,MOVING,33.3,0.0,23.0,40.0,-19.0,384.289142,15.199999999999996,True,8.0,142.392781943342,16,21,981,4,21.0,0.0
20260821T160834Z-moving-38f8f31b,2026-08-21T16:23:13.541172+00:00,96643,TL55 / Mumbai CSMT - Titvala Slow Local,EMU,Local,2026-08-21,TNA,KLVA,19.1896743,72.9840927,1.0,21,2026-08-21T21:27:00+05:30,2026-08-21T21:27:00+05:30,2026-08-21T21:26:00+05:30,2026-08-21T21:27:00+05:30,2.0,at-station,STATIONARY,33.3,0.0,23.0,21.0,0.0,128.104749,0.0,False,0.0,0.0,16,23,983,4,18.0,-3.0
20260821T160834Z-moving-38f8f31b,2026-08-21T16:12:02.495905+00:00,96645,TL57 / Mumbai CSMT - Titvala Slow Local,EMU,Local,2026-08-21,PRLW,PR,19.0044708,72.8348617,0.2222222222222222,4,2026-08-21T21:34:00+05:30,2026-08-21T21:34:00+05:30,2026-08-21T21:37:39+05:30,2026-08-21T21:42:00+05:30,,at-station,UNKNOWN,7.4,0.0,8.0,,,,,False,,,16,12,972,4,9.0,5.0
20260821T160834Z-moving-38f8f31b,2026-08-21T16:15:42.106864+00:00,96645,TL57 / Mumbai CSMT - Titvala Slow Local,EMU,Local,2026-08-21,PR,DR,19.00918,72.8375778,0.2402402402402402,9,2026-08-21T21:35:00+05:30,2026-08-21T21:35:00+05:30,2026-08-21T21:42:50+05:30,2026-08-21T21:45:00+05:30,1.0,at-station,MOVING,8.0,0.0,9.0,4.0,5.0,219.610959,0.5999999999999996,True,1.0,9.835574735594133,16,15,975,4,9.0,0.0
20260821T160834Z-moving-38f8f31b,2026-08-21T16:17:50.329801+00:00,96645,TL57 / Mumbai CSMT - Titvala Slow Local,EMU,Local,2026-08-21,PR,DR,19.00918,72.8375778,0.2402402402402402,9,2026-08-21T21:35:00+05:30,2026-08-21T21:35:00+05:30,2026-08-21T21:42:50+05:30,2026-08-21T21:47:00+05:30,1.0,at-station,STATIONARY,8.0,0.0,9.0,9.0,0.0,128.222937,0.0,False,0.0,0.0,16,17,977,4,10.0,1.0
20260821T160834Z-moving-38f8f31b,2026-08-21T16:19:58.329378+00:00,96645,TL57 / Mumbai CSMT - Titvala Slow Local,EMU,Local,2026-08-21,DR,MTN,19.019138,72.8443,0.2702702702702703,10,2026-08-21T21:38:00+05:30,2026-08-21T21:38:00+05:30,2026-08-21T21:45:32+05:30,2026-08-21T21:49:00+05:30,,at-station,MOVING,9.0,0.0,10.0,9.0,1.0,127.999577,1.0,True,1.0,28.12509294464309,16,19,979,4,9.0,-1.0
20260821T160834Z-moving-38f8f31b,2026-08-21T16:22:06.549824+00:00,96645,TL57 / Mumbai CSMT - Titvala Slow Local,EMU,Local,2026-08-21,MTN,SION,19.0273303,72.8502578,0.3123123123123123,9,2026-08-21T21:41:00+05:30,2026-08-21T21:41:00+05:30,2026-08-21T21:50:15+05:30,2026-08-21T21:52:00+05:30,1.0,at-station,MOVING,10.4,0.0,11.0,10.0,-1.0,128.220446,1.4000000000000004,True,1.0,39.30730361053338,16,22,982,4,8.0,-1.0
20260821T160834Z-moving-38f8f31b,2026-08-21T16:28:12.490881+00:00,96645,TL57 / Mumbai CSMT - Titvala Slow Local,EMU,Local,2026-08-21,CLA,VVH,19.0651493,72.8794021,0.4684684684684685,8,2026-08-21T21:48:00+05:30,2026-08-21T21:48:00+05:30,2026-08-21T21:57:07+05:30,2026-08-21T21:58:00+05:30,1.0,at-station,MOVING,15.6,0.0,13.0,9.0,-1.0,365.941057,5.199999999999999,True,2.0,51.15577944018453,16,28,988,4,11.0,3.0
20260821T160834Z-moving-38f8f31b,2026-08-21T16:13:40.174356+00:00,97167,Kalyan Jn. Mumbai EMU,EMU,Local,2026-08-21,KLVA,MBQ,19.19528,72.9966964,,12,2026-08-21T21:29:00+05:30,2026-08-21T21:29:00+05:30,2026-08-21T21:41:42+05:30,2026-08-21T21:43:00+05:30,1.0,at-station,UNKNOWN,35.7,0.0,24.0,,,,,False,,,16,13,973,4,13.0,1.0
20260821T160834Z-moving-38f8f31b,2026-08-21T16:14:16.623204+00:00,97167,Kalyan Jn. Mumbai EMU,EMU,Local,2026-08-21,KLVA,MBQ,19.19528,72.9966964,,13,2026-08-21T21:29:00+05:30,2026-08-21T21:29:00+05:30,2026-08-21T21:41:42+05:30,2026-08-21T21:44:00+05:30,1.0,at-station,STATIONARY,35.7,0.0,24.0,12.0,1.0,36.448848,0.0,False,0.0,0.0,16,14,974,4,12.0,-1.0
20260821T160834Z-moving-38f8f31b,2026-08-21T16:18:33.012597+00:00,97167,Kalyan Jn. Mumbai EMU,EMU,Local,2026-08-21,MBQ,DIVA,19.1901397,73.0231399,,12,2026-08-21T21:35:00+05:30,2026-08-21T21:35:00+05:30,2026-08-21T21:34:00+05:30,2026-08-21T21:35:00+05:30,1.0,at-station,MOVING,40.2,0.0,26.0,13.0,-1.0,256.389393,4.5,True,2.0,63.185141204339914,16,18,978,4,13.0,1.0
20260821T160834Z-moving-38f8f31b,2026-08-21T16:20:41.082999+00:00,97167,Kalyan Jn. Mumbai EMU,EMU,Local,2026-08-21,MBQ,DIVA,19.1901397,73.0231399,,13,2026-08-21T21:35:00+05:30,2026-08-21T21:35:00+05:30,2026-08-21T21:34:00+05:30,2026-08-21T21:35:00+05:30,1.0,at-station,STATIONARY,40.2,0.0,26.0,12.0,1.0,128.070402,0.0,False,0.0,0.0,16,20,980,4,15.0,2.0
20260821T160834Z-moving-38f8f31b,2026-08-21T16:26:04.430658+00:00,97167,Kalyan Jn. Mumbai EMU,EMU,Local,2026-08-21,DIVA,KOPR,19.1886501,73.0424423,,15,2026-08-21T21:39:00+05:30,2026-08-21T21:39:00+05:30,2026-08-21T21:39:00+05:30,2026-08-21T21:40:00+05:30,1.0,at-station,MOVING,42.7,0.0,27.0,13.0,2.0,323.347659,2.5,True,1.0,27.833818336071513,16,26,986,4,18.0,3.0
20260821T160834Z-moving-38f8f31b,2026-08-21T16:12:39.094241+00:00,97171,Kalyan Jn. Mumbai EMU,EMU,Local,2026-08-21,CLAS,VVH,19.0746402,72.89122,0.5195195195195196,7,2026-08-21T21:30:00+05:30,2026-08-21T21:30:00+05:30,2026-08-21T21:37:00+05:30,2026-08-21T21:42:00+05:30,,at-station,UNKNOWN,17.3,0.0,14.0,,,,,False,,,16,12,972,4,10.0,3.0
20260821T160834Z-moving-38f8f31b,2026-08-21T16:15:17.699666+00:00,97171,Kalyan Jn. Mumbai EMU,EMU,Local,2026-08-21,GC,VK,19.0855998,72.9081192,0.5825825825825826,10,2026-08-21T21:34:00+05:30,2026-08-21T21:34:00+05:30,2026-08-21T21:44:01+05:30,2026-08-21T21:45:00+05:30,1.0,at-station,MOVING,19.4,0.0,16.0,7.0,3.0,158.605425,2.099999999999998,True,2.0,47.66545658825978,16,15,975,4,13.0,3.0
20260821T160834Z-moving-38f8f31b,2026-08-21T16:17:25.806522+00:00,97171,Kalyan Jn. Mumbai EMU,EMU,Local,2026-08-21,GC,VK,19.0855998,72.9081192,0.5825825825825826,13,2026-08-21T21:34:00+05:30,2026-08-21T21:34:00+05:30,2026-08-21T21:44:01+05:30,2026-08-21T21:47:00+05:30,1.0,at-station,STATIONARY,19.4,0.0,16.0,10.0,3.0,128.106856,0.0,False,0.0,0.0,16,17,977,4,13.0,0.0
20260821T160834Z-moving-38f8f31b,2026-08-21T16:19:33.923354+00:00,97171,Kalyan Jn. Mumbai EMU,EMU,Local,2026-08-21,GC,VK,19.094141,72.9147186,0.3108108108108105,13,2026-08-21T21:34:00+05:30,2026-08-21T21:34:00+05:30,2026-08-21T21:44:01+05:30,2026-08-21T21:46:51+05:30,1.0,departed,MOVING,19.4,1.15,16.0,13.0,0.0,128.116832,0.0,False,0.0,0.0,16,19,979,4,13.0,0.0
20260821T160834Z-moving-38f8f31b,2026-08-21T16:21:42.114663+00:00,97171,Kalyan Jn. Mumbai EMU,EMU,Local,2026-08-21,GC,VK,19.1071033,72.924736,0.7945945945945939,13,2026-08-21T21:34:00+05:30,2026-08-21T21:34:00+05:30,2026-08-21T21:44:01+05:30,2026-08-21T21:46:51+05:30,1.0,departed,MOVING,19.4,2.94,16.0,13.0,0.0,128.191309,0.0,False,0.0,0.0,16,21,981,4,11.0,-2.0
20260821T160834Z-moving-38f8f31b,2026-08-21T16:24:08.429695+00:00,97171,Kalyan Jn. Mumbai EMU,EMU,Local,2026-08-21,KJRD,BND,19.1281509,72.9282531,0.7507507507507508,11,2026-08-21T21:41:00+05:30,2026-08-21T21:41:00+05:30,2026-08-21T21:52:28+05:30,2026-08-21T21:54:00+05:30,1.0,at-station,MOVING,25.0,0.0,18.0,13.0,-2.0,146.315032,5.600000000000001,True,2.0,137.78488597125144,16,24,984,4,15.0,4.0
20260821T160834Z-moving-38f8f31b,2026-08-21T16:27:29.795178+00:00,97171,Kalyan Jn. Mumbai EMU,EMU,Local,2026-08-21,KJRD,BND,19.1281509,72.9282531,0.7507507507507508,15,2026-08-21T21:41:00+05:30,2026-08-21T21:41:00+05:30,2026-08-21T21:52:28+05:30,2026-08-21T21:57:00+05:30,1.0,at-station,STATIONARY,25.0,0.0,18.0,11.0,4.0,201.365483,0.0,False,0.0,0.0,16,27,987,4,13.0,-2.0
20260821T160834Z-moving-38f8f31b,2026-08-21T16:31:09.342374+00:00,97171,Kalyan Jn. Mumbai EMU,EMU,Local,2026-08-21,BND,NHU,19.1422805,72.9377899,0.8048048048048049,13,2026-08-21T21:44:00+05:30,2026-08-21T21:44:00+05:30,2026-08-21T21:55:59+05:30,2026-08-21T22:01:00+05:30,1.0,at-station,MOVING,26.8,0.0,19.0,15.0,-2.0,219.547196,1.8000000000000007,True,1.0,29.515293832311126,16,31,991,4,12.0,-1.0
20260821T160834Z-moving-38f8f31b,2026-08-21T16:16:06.517483+00:00,97259,DL49 / Mumbai CSMT - Dombivli Slow Local,EMU,Local,2026-08-21,MBQ,DIVA,19.1901397,73.0231399,,12,2026-08-21T21:31:00+05:30,2026-08-21T21:31:00+05:30,2026-08-21T21:31:00+05:30,2026-08-21T21:32:00+05:30,1.0,at-station,MOVING,40.2,0.0,26.0,,,,,False,,,16,16,976,4,17.0,5.0
20260821T160834Z-moving-38f8f31b,2026-08-21T16:29:01.363086+00:00,97259,DL49 / Mumbai CSMT - Dombivli Slow Local,EMU,Local,2026-08-21,DDCL,DI,19.212002,73.07874,,17,2026-08-21T21:41:00+05:30,2026-08-21T21:41:00+05:30,2026-08-21T21:41:00+05:30,2026-08-21T21:42:00+05:30,,at-station,MOVING,47.5,0.0,30.0,12.0,5.0,774.845603,7.299999999999997,True,4.0,33.91643431704418,16,29,989,4,15.0,-2.0
20260821T160834Z-moving-38f8f31b,2026-08-21T16:12:57.401869+00:00,97261,DL51 / Mumbai CSMT - Dombivli Slow Local,EMU,Local,2026-08-21,GC,VK,19.0897121,72.9113006,0.5825825825825826,16,2026-08-21T21:23:00+05:30,2026-08-21T21:23:00+05:30,2026-08-21T21:38:55+05:30,2026-08-21T21:42:00+05:30,1.0,at-station,UNKNOWN,19.4,0.0,16.0,,,,,False,,,16,12,972,4,18.0,2.0
20260821T160834Z-moving-38f8f31b,2026-08-21T16:27:23.684625+00:00,97261,DL51 / Mumbai CSMT - Dombivli Slow Local,EMU,Local,2026-08-21,CRNM,MLND,19.162205,72.9499,0.8888888888888891,18,2026-08-21T21:38:00+05:30,2026-08-21T21:38:00+05:30,2026-08-21T21:38:00+05:30,2026-08-21T21:38:00+05:30,,at-station,MOVING,29.6,0.0,21.0,16.0,2.0,866.282756,10.200000000000003,True,5.0,42.3880075479651,16,27,987,4,19.0,1.0
20260821T160834Z-moving-38f8f31b,2026-08-21T16:31:03.340306+00:00,97261,DL51 / Mumbai CSMT - Dombivli Slow Local,EMU,Local,2026-08-21,MLND,TNA,19.179241,72.9643,0.4423076923076926,19,2026-08-21T21:39:00+05:30,2026-08-21T21:39:00+05:30,2026-08-21T21:38:00+05:30,2026-08-21T21:39:00+05:30,,departed,MOVING,31.85,1.15,22.0,18.0,1.0,219.655681,2.25,True,1.0,36.87589577981368,16,31,991,4,19.0,0.0
20260821T160834Z-moving-38f8f31b,2026-08-21T16:12:14.817078+00:00,97263,Dombivli Mumbai EMU,EMU,Local,2026-08-21,CLA,VVH,19.0651493,72.8794021,0.4684684684684685,0,2026-08-21T21:40:00+05:30,2026-08-21T21:40:00+05:30,2026-08-21T21:38:18+05:30,2026-08-21T21:42:00+05:30,1.0,at-station,UNKNOWN,15.6,0.0,13.0,,,,,False,,,16,12,972,4,0.0,0.0
20260821T160834Z-moving-38f8f31b,2026-08-21T16:15:23.800731+00:00,97263,Dombivli Mumbai EMU,EMU,Local,2026-08-21,CLA,VVH,19.0651493,72.8794021,0.4684684684684685,0,2026-08-21T21:40:00+05:30,2026-08-21T21:40:00+05:30,2026-08-21T21:38:18+05:30,2026-08-21T21:45:00+05:30,1.0,at-station,STATIONARY,15.6,0.0,13.0,0.0,0.0,188.983653,0.0,False,0.0,0.0,16,15,975,4,7.0,7.0
20260821T160834Z-moving-38f8f31b,2026-08-21T16:13:27.938534+00:00,97419,T123 / Mumbai CSMT - Thane Slow Local,EMU,Local,2026-08-21,VK,KJRD,19.1175,72.927505,0.6936936936936938,31,2026-08-21T21:12:00+05:30,2026-08-21T21:12:00+05:30,2026-08-21T21:40:10+05:30,2026-08-21T21:43:00+05:30,,at-station,UNKNOWN,23.1,0.0,17.0,,,,,False,,,16,13,973,4,31.0,0.0
20260821T160834Z-moving-38f8f31b,2026-08-21T16:14:53.371140+00:00,97419,T123 / Mumbai CSMT - Thane Slow Local,EMU,Local,2026-08-21,VK,KJRD,19.1175,72.927505,0.6936936936936938,31,2026-08-21T21:12:00+05:30,2026-08-21T21:12:00+05:30,2026-08-21T21:40:10+05:30,2026-08-21T21:44:00+05:30,,at-station,STATIONARY,23.1,0.0,17.0,31.0,0.0,85.432606,0.0,False,0.0,0.0,16,14,974,4,31.0,0.0
20260821T160834Z-moving-38f8f31b,2026-08-21T16:17:01.467478+00:00,97419,T123 / Mumbai CSMT - Thane Slow Local,EMU,Local,2026-08-21,VK,KJRD,19.1175,72.927505,0.6936936936936938,31,2026-08-21T21:12:00+05:30,2026-08-21T21:12:00+05:30,2026-08-21T21:40:10+05:30,2026-08-21T21:47:00+05:30,,at-station,STATIONARY,23.1,0.0,17.0,31.0,0.0,128.096338,0.0,False,0.0,0.0,16,17,977,4,28.0,-3.0
20260821T160834Z-moving-38f8f31b,2026-08-21T16:16:31.071465+00:00,97421,T127 / Mumbai CSMT - Thane Slow Local,EMU,Local,2026-08-21,BND,NHU,19.1422805,72.9377899,0.8048048048048049,10,2026-08-21T21:36:00+05:30,2026-08-21T21:36:00+05:30,2026-08-21T21:36:00+05:30,2026-08-21T21:36:00+05:30,1.0,at-station,MOVING,26.8,0.0,19.0,,,,,False,,,16,16,976,4,10.0,0.0
20260821T160834Z-moving-38f8f31b,2026-08-21T16:17:07.506882+00:00,97423,T129 / Mumbai CSMT - Thane Slow Local,EMU,Local,2026-08-21,GC,VK,19.0855998,72.9081192,0.5825825825825826,8,2026-08-21T21:38:00+05:30,2026-08-21T21:38:00+05:30,2026-08-21T21:39:00+05:30,2026-08-21T21:39:00+05:30,1.0,at-station,MOVING,19.4,0.0,16.0,,,,,False,,,16,17,977,4,8.0,0.0
20260821T160834Z-moving-38f8f31b,2026-08-21T16:19:15.617514+00:00,97423,T129 / Mumbai CSMT - Thane Slow Local,EMU,Local,2026-08-21,GC,VK,19.0855998,72.9081192,0.5825825825825826,8,2026-08-21T21:38:00+05:30,2026-08-21T21:38:00+05:30,2026-08-21T21:39:00+05:30,2026-08-21T21:39:00+05:30,1.0,at-station,STATIONARY,19.4,0.0,16.0,8.0,0.0,128.110632,0.0,False,0.0,0.0,16,19,979,4,0.0,-8.0
20260821T160834Z-moving-38f8f31b,2026-08-21T16:21:23.812088+00:00,97423,T129 / Mumbai CSMT - Thane Slow Local,EMU,Local,2026-08-21,MLND,TNA,19.17173,72.9566268,0.921921921921922,0,2026-08-21T21:54:00+05:30,2026-08-21T21:54:00+05:30,2026-08-21T21:50:21+05:30,2026-08-21T21:54:00+05:30,1.0,at-station,MOVING,30.7,0.0,22.0,8.0,-8.0,128.194574,11.3,True,6.0,317.33012350429124,16,21,981,4,0.0,0.0
20260821T160834Z-moving-38f8f31b,2026-08-21T16:23:31.832924+00:00,97423,T129 / Mumbai CSMT - Thane Slow Local,EMU,Local,2026-08-21,MLND,TNA,19.17173,72.9566268,0.921921921921922,0,2026-08-21T21:54:00+05:30,2026-08-21T21:54:00+05:30,2026-08-21T21:50:21+05:30,2026-08-21T21:54:00+05:30,1.0,at-station,STATIONARY,30.7,0.0,22.0,0.0,0.0,128.020836,0.0,False,0.0,0.0,16,23,983,4,0.0,0.0
20260821T162310Z-moving-625795fa,2026-08-21T16:29:16.947275+00:00,12809,Mumbai CSMT - Howrah Mail,Superfast Express,Express,2026-08-20,JDI,KHS,22.001068,83.047195,,132,2026-08-21T19:45:00+05:30,2026-08-21T19:45:00+05:30,2026-08-21T21:55:39+05:30,2026-08-21T21:59:00+05:30,,at-station,UNKNOWN,1337.9,0.0,217.0,,,,,False,,,16,29,989,4,132.0,0.0
20260821T162310Z-moving-625795fa,2026-08-21T16:32:19.871623+00:00,12809,Mumbai CSMT - Howrah Mail,Superfast Express,Express,2026-08-20,JDI,KHS,21.995152,83.076416,0.60375,132,2026-08-21T19:45:00+05:30,2026-08-21T19:45:00+05:30,2026-08-21T21:55:39+05:30,2026-08-21T21:55:39+05:30,,departed,MOVING,1342.73,4.83,217.0,132.0,0.0,182.924348,4.829999999999927,False,0.0,95.05568936071724,16,32,992,4,132.0,0.0
20260821T162310Z-moving-625795fa,2026-08-21T16:33:14.764603+00:00,12809,Mumbai CSMT - Howrah Mail,Superfast Express,Express,2026-08-20,JDI,KHS,21.995152,83.076416,0.60375,132,2026-08-21T19:45:00+05:30,2026-08-21T19:45:00+05:30,2026-08-21T21:55:39+05:30,2026-08-21T21:55:39+05:30,,departed,STATIONARY,1342.73,4.83,217.0,132.0,0.0,54.89298,0.0,False,0.0,0.0,16,33,993,4,136.0,4.0
20260821T162310Z-moving-625795fa,2026-08-21T16:34:08.002921+00:00,12809,Mumbai CSMT - Howrah Mail,Superfast Express,Express,2026-08-20,JDI,KHS,21.996374,83.07051,0.27625,136,2026-08-21T19:45:00+05:30,2026-08-21T19:45:00+05:30,2026-08-21T21:55:39+05:30,2026-08-21T21:56:39+05:30,,departed,MOVING,1342.11,2.21,217.0,132.0,4.0,53.238318,-0.6200000000001182,False,0.0,,16,34,994,4,135.0,-1.0
20260821T162310Z-moving-625795fa,2026-08-21T16:35:08.150532+00:00,12809,Mumbai CSMT - Howrah Mail,Superfast Express,Express,2026-08-20,JDI,KHS,21.992268,83.08953,0.5275,135,2026-08-21T19:45:00+05:30,2026-08-21T19:45:00+05:30,2026-08-21T21:55:39+05:30,2026-08-21T21:56:39+05:30,,departed,MOVING,1344.12,4.22,217.0,136.0,-1.0,60.147611,2.009999999999991,False,0.0,120.30403003038587,16,35,995,4,132.0,-3.0
20260821T162310Z-moving-625795fa,2026-08-21T16:36:01.744459+00:00,12809,Mumbai CSMT - Howrah Mail,Superfast Express,Express,2026-08-20,JDI,KHS,21.992268,83.08953,0.7775,132,2026-08-21T19:45:00+05:30,2026-08-21T19:45:00+05:30,2026-08-21T21:55:39+05:30,2026-08-21T21:55:39+05:30,,departed,STATIONARY,1344.12,6.22,217.0,135.0,-3.0,53.593927,0.0,False,0.0,0.0,16,36,996,4,135.0,3.0
20260821T162310Z-moving-625795fa,2026-08-21T16:36:49.631789+00:00,12809,Mumbai CSMT - Howrah Mail,Superfast Express,Express,2026-08-20,JDI,KHS,21.992268,83.08953,0.5275,135,2026-08-21T19:45:00+05:30,2026-08-21T19:45:00+05:30,2026-08-21T21:55:39+05:30,2026-08-21T21:56:39+05:30,,departed,STATIONARY,1344.12,4.22,217.0,132.0,3.0,47.88733,0.0,False,0.0,0.0,16,36,996,4,134.0,-1.0
20260821T162310Z-moving-625795fa,2026-08-21T16:37:49.626709+00:00,12809,Mumbai CSMT - Howrah Mail,Superfast Express,Express,2026-08-20,KHS,RIG,21.991507,83.1009,,134,2026-08-21T19:53:00+05:30,2026-08-21T19:55:00+05:30,2026-08-21T22:08:45+05:30,2026-08-21T22:09:00+05:30,2.0,at-station,MOVING,1345.9,0.0,218.0,135.0,-1.0,59.99492,1.7800000000002,True,1.0,106.80904316566671,16,37,997,4,134.0,0.0
20260821T162310Z-moving-625795fa,2026-08-21T16:38:49.628866+00:00,12809,Mumbai CSMT - Howrah Mail,Superfast Express,Express,2026-08-20,KHS,RIG,21.99299,83.10705,,134,2026-08-21T19:53:00+05:30,2026-08-21T19:55:00+05:30,2026-08-21T22:08:45+05:30,2026-08-21T22:09:00+05:30,2.0,at-station,MOVING,1345.9,0.0,218.0,134.0,0.0,60.002157,0.0,False,0.0,0.0,16,38,998,4,135.0,1.0
20260821T162310Z-moving-625795fa,2026-08-21T16:39:49.672113+00:00,12809,Mumbai CSMT - Howrah Mail,Superfast Express,Express,2026-08-20,KHS,RIG,21.991928,83.1023,,135,2026-08-21T19:53:00+05:30,2026-08-21T19:55:00+05:30,2026-08-21T22:08:45+05:30,2026-08-21T22:10:00+05:30,2.0,at-station,MOVING,1345.9,0.0,218.0,134.0,1.0,60.043247,0.0,False,0.0,0.0,16,39,999,4,136.0,1.0
20260821T162310Z-moving-625795fa,2026-08-21T16:40:49.740567+00:00,12809,Mumbai CSMT - Howrah Mail,Superfast Express,Express,2026-08-20,KHS,RIG,21.991945,83.102844,,136,2026-08-21T19:53:00+05:30,2026-08-21T19:55:00+05:30,2026-08-21T22:08:45+05:30,2026-08-21T22:11:00+05:30,2.0,at-station,MOVING,1345.9,0.0,218.0,135.0,1.0,60.068454,0.0,False,0.0,0.0,16,40,1000,4,137.0,1.0
20260821T162310Z-moving-625795fa,2026-08-21T16:41:49.634743+00:00,12809,Mumbai CSMT - Howrah Mail,Superfast Express,Express,2026-08-20,KHS,RIG,21.991941,83.10291,,137,2026-08-21T19:53:00+05:30,2026-08-21T19:55:00+05:30,2026-08-21T22:08:45+05:30,2026-08-21T22:12:00+05:30,2.0,at-station,STATIONARY,1345.9,0.0,218.0,136.0,1.0,59.894176,0.0,False,0.0,0.0,16,41,1001,4,138.0,1.0
20260821T162310Z-moving-625795fa,2026-08-21T16:42:49.664519+00:00,12809,Mumbai CSMT - Howrah Mail,Superfast Express,Express,2026-08-20,KHS,RIG,21.993137,83.10802,,138,2026-08-21T19:53:00+05:30,2026-08-21T19:55:00+05:30,2026-08-21T22:08:45+05:30,2026-08-21T22:13:00+05:30,2.0,at-station,MOVING,1345.9,0.0,218.0,137.0,1.0,60.029776,0.0,False,0.0,0.0,16,42,1002,4,137.0,-1.0
20260821T162310Z-moving-625795fa,2026-08-21T16:43:49.632022+00:00,12809,Mumbai CSMT - Howrah Mail,Superfast Express,Express,2026-08-20,KHS,RIG,21.99689,83.12684,0.3803278688524646,137,2026-08-21T19:53:00+05:30,2026-08-21T19:55:00+05:30,2026-08-21T22:08:45+05:30,2026-08-21T22:12:03+05:30,2.0,departed,MOVING,1347.92,2.32,218.0,138.0,-1.0,59.967503,2.019999999999982,False,0.0,121.26567951311786,16,43,1003,4,137.0,0.0
20260821T162310Z-moving-625795fa,2026-08-21T16:44:49.738507+00:00,12809,Mumbai CSMT - Howrah Mail,Superfast Express,Express,2026-08-20,KHS,RIG,21.997175,83.127235,0.3868852459016451,137,2026-08-21T19:53:00+05:30,2026-08-21T19:55:00+05:30,2026-08-21T22:08:45+05:30,2026-08-21T22:12:03+05:30,2.0,departed,MOVING,1347.96,2.36,218.0,137.0,0.0,60.106485,0.03999999999996362,False,0.0,2.395748145975747,16,44,1004,4,137.0,0.0
20260821T162310Z-moving-625795fa,2026-08-21T16:45:49.750610+00:00,12809,Mumbai CSMT - Howrah Mail,Superfast Express,Express,2026-08-20,KHS,RIG,21.997574,83.13765,0.5622950819672216,137,2026-08-21T19:53:00+05:30,2026-08-21T19:55:00+05:30,2026-08-21T22:08:45+05:30,2026-08-21T22:12:03+05:30,2.0,departed,MOVING,1349.03,3.43,218.0,137.0,0.0,60.012103,1.0699999999999363,False,0.0,64.18705240174253,16,45,1005,4,137.0,0.0
20260821T162310Z-moving-625795fa,2026-08-21T16:46:49.728616+00:00,12809,Mumbai CSMT - Howrah Mail,Superfast Express,Express,2026-08-20,KHS,RIG,21.996244,83.15684,0.8868852459016526,137,2026-08-21T19:53:00+05:30,2026-08-21T19:55:00+05:30,2026-08-21T22:08:45+05:30,2026-08-21T22:12:03+05:30,2.0,departed,MOVING,1351.01,5.41,218.0,137.0,0.0,59.978006,1.9800000000000182,False,0.0,118.84356408914404,16,46,1006,4,137.0,0.0
20260821T162310Z-moving-625795fa,2026-08-21T16:47:49.659775+00:00,12809,Mumbai CSMT - Howrah Mail,Superfast Express,Express,2026-08-20,KHS,RIG,21.995018,83.16194,0.9737704918032932,137,2026-08-21T19:53:00+05:30,2026-08-21T19:55:00+05:30,2026-08-21T22:08:45+05:30,2026-08-21T22:12:03+05:30,2.0,departed,MOVING,1351.54,5.94,218.0,137.0,0.0,59.931159,0.5299999999999727,False,0.0,31.8365276399861,16,47,1007,4,137.0,0.0
20260821T162310Z-moving-625795fa,2026-08-21T16:48:49.656323+00:00,12809,Mumbai CSMT - Howrah Mail,Superfast Express,Express,2026-08-20,ROB,RIG,21.99171,83.1731,0.1109890109890221,137,2026-08-21T20:00:00+05:30,2026-08-21T20:00:00+05:30,,,,departed,MOVING,1352.71,1.0100000000000913,219.0,137.0,0.0,59.996548,1.1700000000000728,True,1.0,70.20403907238567,16,48,1008,4,137.0,0.0
20260821T162310Z-moving-625795fa,2026-08-21T16:49:49.741295+00:00,12809,Mumbai CSMT - Howrah Mail,Superfast Express,Express,2026-08-20,ROB,RIG,21.992624,83.16929,0.0670329670329776,137,2026-08-21T20:00:00+05:30,2026-08-21T20:00:00+05:30,,,,departed,MOVING,1352.31,0.6100000000000909,219.0,137.0,0.0,60.084972,-0.40000000000009095,False,0.0,,16,49,1009,4,138.0,1.0
20260821T162310Z-moving-625795fa,2026-08-21T16:28:28.030715+00:00,95135,S 39/ Mumbai CSMT - Karjat Fast Local,EMU,Local,2026-08-21,SION,CLA,19.0526103,72.8685684,0.3873873873873874,14,2026-08-21T21:44:00+05:30,2026-08-21T21:44:00+05:30,2026-08-21T21:58:07+05:30,2026-08-21T21:58:00+05:30,,at-station,UNKNOWN,12.9,0.0,12.0,,,,,False,,,16,28,988,4,14.0,0.0
20260821T162310Z-moving-625795fa,2026-08-21T16:32:01.543071+00:00,95135,S 39/ Mumbai CSMT - Karjat Fast Local,EMU,Local,2026-08-21,CLA,GC,19.0651493,72.8794021,0.4684684684684685,14,2026-08-21T21:47:00+05:30,2026-08-21T21:47:00+05:30,2026-08-21T22:00:40+05:30,2026-08-21T22:02:00+05:30,5.0,at-station,MOVING,15.6,0.0,13.0,14.0,0.0,213.512356,2.6999999999999993,True,1.0,45.524297432229154,16,32,992,4,14.0,0.0
20260821T162310Z-moving-625795fa,2026-08-21T16:33:31.291972+00:00,95135,S 39/ Mumbai CSMT - Karjat Fast Local,EMU,Local,2026-08-21,CLA,GC,19.0651493,72.8794021,0.4684684684684685,14,2026-08-21T21:47:00+05:30,2026-08-21T21:47:00+05:30,2026-08-21T22:00:40+05:30,2026-08-21T22:03:00+05:30,5.0,at-station,STATIONARY,15.6,0.0,13.0,14.0,0.0,89.748901,0.0,False,0.0,0.0,16,33,993,4,14.0,0.0
20260821T162310Z-moving-625795fa,2026-08-21T16:34:31.296892+00:00,95135,S 39/ Mumbai CSMT - Karjat Fast Local,EMU,Local,2026-08-21,CLAS,GC,19.0746402,72.89122,0.5165165165165165,14,2026-08-21T21:49:00+05:30,2026-08-21T21:49:00+05:30,2026-08-21T22:00:46+05:30,2026-08-21T22:04:00+05:30,,at-station,MOVING,17.2,0.0,14.0,14.0,0.0,60.00492,1.5999999999999996,True,1.0,95.99212864545106,16,34,994,4,13.0,-1.0
20260821T162310Z-moving-625795fa,2026-08-21T16:35:31.321475+00:00,95135,S 39/ Mumbai CSMT - Karjat Fast Local,EMU,Local,2026-08-21,GC,MLND,19.0855998,72.9081192,0.5825825825825826,13,2026-08-21T21:51:00+05:30,2026-08-21T21:51:00+05:30,2026-08-21T22:04:06+05:30,2026-08-21T22:05:00+05:30,3.0,at-station,MOVING,19.4,0.0,16.0,14.0,-1.0,60.024583,2.1999999999999993,True,2.0,131.94593954946754,16,35,995,4,14.0,1.0
20260821T162310Z-moving-625795fa,2026-08-21T16:36:31.301898+00:00,95135,S 39/ Mumbai CSMT - Karjat Fast Local,EMU,Local,2026-08-21,GC,MLND,19.0855998,72.9081192,0.5825825825825826,14,2026-08-21T21:51:00+05:30,2026-08-21T21:51:00+05:30,2026-08-21T22:04:06+05:30,2026-08-21T22:06:00+05:30,3.0,at-station,STATIONARY,19.4,0.0,16.0,13.0,1.0,59.980423,0.0,False,0.0,0.0,16,36,996,4,14.0,0.0
20260821T162310Z-moving-625795fa,2026-08-21T16:37:31.296882+00:00,95135,S 39/ Mumbai CSMT - Karjat Fast Local,EMU,Local,2026-08-21,GC,MLND,19.0855998,72.9081192,0.5825825825825826,14,2026-08-21T21:51:00+05:30,2026-08-21T21:51:00+05:30,2026-08-21T22:04:06+05:30,2026-08-21T22:07:00+05:30,3.0,at-station,STATIONARY,19.4,0.0,16.0,14.0,0.0,59.994984,0.0,False,0.0,0.0,16,37,997,4,14.0,0.0
20260821T162310Z-moving-625795fa,2026-08-21T16:38:31.300484+00:00,95135,S 39/ Mumbai CSMT - Karjat Fast Local,EMU,Local,2026-08-21,GC,MLND,19.0855998,72.9081192,0.5825825825825826,14,2026-08-21T21:51:00+05:30,2026-08-21T21:51:00+05:30,2026-08-21T22:04:06+05:30,2026-08-21T22:08:00+05:30,3.0,at-station,STATIONARY,19.4,0.0,16.0,14.0,0.0,60.003602,0.0,False,0.0,0.0,16,38,998,4,14.0,0.0
20260821T162310Z-moving-625795fa,2026-08-21T16:39:31.308362+00:00,95135,S 39/ Mumbai CSMT - Karjat Fast Local,EMU,Local,2026-08-21,GC,MLND,19.1065578,72.9243087,0.7729729729729723,14,2026-08-21T21:51:00+05:30,2026-08-21T21:51:00+05:30,2026-08-21T22:04:06+05:30,2026-08-21T22:04:49+05:30,3.0,departed,MOVING,19.4,2.86,16.0,14.0,0.0,60.007878,0.0,False,0.0,0.0,16,39,999,4,14.0,0.0
20260821T162310Z-moving-625795fa,2026-08-21T16:40:31.300670+00:00,95135,S 39/ Mumbai CSMT - Karjat Fast Local,EMU,Local,2026-08-21,GC,MLND,19.1065578,72.9243087,0.7729729729729723,14,2026-08-21T21:51:00+05:30,2026-08-21T21:51:00+05:30,2026-08-21T22:04:06+05:30,2026-08-21T22:04:49+05:30,3.0,departed,STATIONARY,19.4,2.86,16.0,14.0,0.0,59.992308,0.0,False,0.0,0.0,16,40,1000,4,14.0,0.0
20260821T162310Z-moving-625795fa,2026-08-21T16:41:31.429475+00:00,95135,S 39/ Mumbai CSMT - Karjat Fast Local,EMU,Local,2026-08-21,BND,MLND,19.1422805,72.9377899,0.8048048048048049,14,2026-08-21T21:59:00+05:30,2026-08-21T21:59:00+05:30,2026-08-21T22:10:44+05:30,2026-08-21T22:13:00+05:30,,at-station,MOVING,26.8,0.0,19.0,14.0,0.0,60.128805,7.400000000000002,True,3.0,443.0488848065417,16,41,1001,4,12.0,-2.0
20260821T162310Z-moving-625795fa,2026-08-21T16:42:31.427621+00:00,95135,S 39/ Mumbai CSMT - Karjat Fast Local,EMU,Local,2026-08-21,BND,MLND,19.1422805,72.9377899,0.8048048048048049,12,2026-08-21T21:59:00+05:30,2026-08-21T21:59:00+05:30,2026-08-21T22:10:44+05:30,2026-08-21T22:12:00+05:30,3.0,at-station,STATIONARY,26.8,0.0,19.0,14.0,-2.0,59.998146,0.0,False,0.0,0.0,16,42,1002,4,11.0,-1.0
20260821T162310Z-moving-625795fa,2026-08-21T16:43:31.312554+00:00,95135,S 39/ Mumbai CSMT - Karjat Fast Local,EMU,Local,2026-08-21,CRNM,MLND,19.1637897,72.9509887,0.8888888888888891,11,2026-08-21T22:02:00+05:30,2026-08-21T22:02:00+05:30,2026-08-21T22:12:50+05:30,2026-08-21T22:13:00+05:30,,at-station,MOVING,29.6,0.0,21.0,12.0,-1.0,59.884933,2.8000000000000007,True,2.0,168.3228066732579,16,43,1003,4,12.0,1.0
20260821T162310Z-moving-625795fa,2026-08-21T16:44:31.292584+00:00,95135,S 39/ Mumbai CSMT - Karjat Fast Local,EMU,Local,2026-08-21,CRNM,MLND,19.1637897,72.9509887,0.8888888888888891,12,2026-08-21T22:02:00+05:30,2026-08-21T22:02:00+05:30,2026-08-21T22:12:50+05:30,2026-08-21T22:14:00+05:30,,at-station,STATIONARY,29.6,0.0,21.0,11.0,1.0,59.98003,0.0,False,0.0,0.0,16,44,1004,4,12.0,0.0
20260821T162310Z-moving-625795fa,2026-08-21T16:45:31.431250+00:00,95135,S 39/ Mumbai CSMT - Karjat Fast Local,EMU,Local,2026-08-21,CRNM,MLND,19.1637897,72.9509887,0.8888888888888891,12,2026-08-21T22:02:00+05:30,2026-08-21T22:02:00+05:30,2026-08-21T22:12:50+05:30,2026-08-21T22:15:00+05:30,,at-station,STATIONARY,29.6,0.0,21.0,12.0,0.0,60.138666,0.0,False,0.0,0.0,16,45,1005,4,12.0,0.0
20260821T162310Z-moving-625795fa,2026-08-21T16:46:31.336928+00:00,95135,S 39/ Mumbai CSMT - Karjat Fast Local,EMU,Local,2026-08-21,MLND,TNA,19.1750774,72.9611663,0.921921921921922,12,2026-08-21T22:03:00+05:30,2026-08-21T22:03:00+05:30,2026-08-21T22:15:43+05:30,2026-08-21T22:16:00+05:30,3.0,at-station,MOVING,30.7,0.0,22.0,12.0,0.0,59.905678,1.0999999999999979,True,1.0,66.10391756187104,16,46,1006,4,10.0,-2.0
20260821T162310Z-moving-625795fa,2026-08-21T16:47:31.301774+00:00,95135,S 39/ Mumbai CSMT - Karjat Fast Local,EMU,Local,2026-08-21,TNA,DI,19.1861572,72.9761886,1.0,10,2026-08-21T22:07:00+05:30,2026-08-21T22:07:00+05:30,2026-08-21T22:16:41+05:30,2026-08-21T22:17:00+05:30,5.0,at-station,MOVING,33.3,0.0,23.0,12.0,-2.0,59.964846,2.599999999999998,True,1.0,156.09145398288842,16,47,1007,4,10.0,0.0
20260821T162310Z-moving-625795fa,2026-08-21T16:48:31.305359+00:00,95135,S 39/ Mumbai CSMT - Karjat Fast Local,EMU,Local,2026-08-21,TNA,DI,19.1861572,72.9761886,1.0,10,2026-08-21T22:07:00+05:30,2026-08-21T22:07:00+05:30,2026-08-21T22:16:41+05:30,2026-08-21T22:18:00+05:30,5.0,at-station,STATIONARY,33.3,0.0,23.0,10.0,0.0,60.003585,0.0,False,0.0,0.0,16,48,1008,4,12.0,2.0
20260821T162310Z-moving-625795fa,2026-08-21T16:49:31.307894+00:00,95135,S 39/ Mumbai CSMT - Karjat Fast Local,EMU,Local,2026-08-21,TNA,DI,19.1872005,72.9809875,1.0,12,2026-08-21T22:07:00+05:30,2026-08-21T22:07:00+05:30,2026-08-21T22:16:41+05:30,2026-08-21T22:19:00+05:30,5.0,at-station,MOVING,33.3,0.0,23.0,10.0,2.0,60.002535,0.0,False,0.0,0.0,16,49,1009,4,12.0,0.0
20260821T162310Z-moving-625795fa,2026-08-21T16:30:17.908184+00:00,95333,A55 / Mumbai CSMT - Ambernath Fast Local,EMU,Local,2026-08-21,DIVA,DI,19.1886501,73.0424423,,16,2026-08-21T21:40:00+05:30,2026-08-21T21:40:00+05:30,2026-08-21T21:56:29+05:30,2026-08-21T22:00:00+05:30,1.0,at-station,UNKNOWN,42.7,0.0,25.0,,,,,False,,,16,30,990,4,17.0,1.0
20260821T162310Z-moving-625795fa,2026-08-21T16:32:13.811881+00:00,95333,A55 / Mumbai CSMT - Ambernath Fast Local,EMU,Local,2026-08-21,DDCL,DI,19.212429,73.0793533,,17,2026-08-21T21:44:00+05:30,2026-08-21T21:44:00+05:30,2026-08-21T22:01:36+05:30,2026-08-21T22:02:00+05:30,,at-station,MOVING,46.9,0.0,27.0,16.0,1.0,115.903697,4.199999999999996,True,2.0,130.45312954943952,16,32,992,4,18.0,1.0
20260821T162310Z-moving-625795fa,2026-08-21T16:33:08.631399+00:00,95333,A55 / Mumbai CSMT - Ambernath Fast Local,EMU,Local,2026-08-21,DDCL,DI,19.212429,73.0793533,,18,2026-08-21T21:44:00+05:30,2026-08-21T21:44:00+05:30,2026-08-21T22:01:36+05:30,2026-08-21T22:03:00+05:30,,at-station,STATIONARY,46.9,0.0,27.0,17.0,1.0,54.819518,0.0,False,0.0,0.0,16,33,993,4,18.0,0.0
20260821T162310Z-moving-625795fa,2026-08-21T16:34:01.716623+00:00,95333,A55 / Mumbai CSMT - Ambernath Fast Local,EMU,Local,2026-08-21,DDCL,DI,19.212429,73.0793533,,18,2026-08-21T21:44:00+05:30,2026-08-21T21:44:00+05:30,2026-08-21T22:01:36+05:30,2026-08-21T22:04:00+05:30,,at-station,STATIONARY,46.9,0.0,27.0,18.0,0.0,53.085224,0.0,False,0.0,0.0,16,34,994,4,16.0,-2.0
20260821T162310Z-moving-625795fa,2026-08-21T16:35:01.839173+00:00,95333,A55 / Mumbai CSMT - Ambernath Fast Local,EMU,Local,2026-08-21,THK,KYN,19.22616,73.0980987,,16,2026-08-21T21:48:00+05:30,2026-08-21T21:48:00+05:30,2026-08-21T22:04:07+05:30,2026-08-21T22:05:00+05:30,,at-station,MOVING,49.4,0.0,29.0,18.0,-2.0,60.12255,2.5,True,2.0,149.69424949540564,16,35,995,4,16.0,0.0
20260821T162310Z-moving-625795fa,2026-08-21T16:35:43.416994+00:00,95333,A55 / Mumbai CSMT - Ambernath Fast Local,EMU,Local,2026-08-21,THK,KYN,19.22616,73.0980987,,16,2026-08-21T21:48:00+05:30,2026-08-21T21:48:00+05:30,2026-08-21T22:04:07+05:30,2026-08-21T22:05:00+05:30,,at-station,STATIONARY,49.4,0.0,29.0,16.0,0.0,41.577821,0.0,False,0.0,0.0,16,35,995,4,17.0,1.0
20260821T162310Z-moving-625795fa,2026-08-21T16:36:43.495345+00:00,95333,A55 / Mumbai CSMT - Ambernath Fast Local,EMU,Local,2026-08-21,THK,KYN,19.2288322,73.1082382,0.3827586206896554,17,2026-08-21T21:48:00+05:30,2026-08-21T21:48:00+05:30,2026-08-21T22:04:07+05:30,2026-08-21T22:04:10+05:30,,departed,MOVING,49.4,1.11,29.0,16.0,1.0,60.078351,0.0,False,0.0,0.0,16,36,996,4,17.0,0.0
20260821T162310Z-moving-625795fa,2026-08-21T16:37:43.519481+00:00,95333,A55 / Mumbai CSMT - Ambernath Fast Local,EMU,Local,2026-08-21,THK,KYN,19.2288322,73.1082382,0.3827586206896554,17,2026-08-21T21:48:00+05:30,2026-08-21T21:48:00+05:30,2026-08-21T22:04:07+05:30,2026-08-21T22:04:10+05:30,,departed,STATIONARY,49.4,1.11,29.0,17.0,0.0,60.024136,0.0,False,0.0,0.0,16,37,997,4,17.0,0.0
20260821T162310Z-moving-625795fa,2026-08-21T16:38:43.505810+00:00,95333,A55 / Mumbai CSMT - Ambernath Fast Local,EMU,Local,2026-08-21,THK,KYN,19.2291431,73.1094207,0.4275862068965519,17,2026-08-21T21:48:00+05:30,2026-08-21T21:48:00+05:30,2026-08-21T22:04:07+05:30,2026-08-21T22:04:10+05:30,,departed,MOVING,49.4,1.24,29.0,17.0,0.0,59.986329,0.0,False,0.0,0.0,16,38,998,4,17.0,0.0
20260821T162310Z-moving-625795fa,2026-08-21T16:39:43.495621+00:00,95333,A55 / Mumbai CSMT - Ambernath Fast Local,EMU,Local,2026-08-21,THK,KYN,19.2291336,73.1093826,0.4241379310344829,17,2026-08-21T21:48:00+05:30,2026-08-21T21:48:00+05:30,2026-08-21T22:04:07+05:30,2026-08-21T22:04:10+05:30,,departed,STATIONARY,49.4,1.23,29.0,17.0,0.0,59.989811,0.0,False,0.0,0.0,16,39,999,4,17.0,0.0
20260821T162310Z-moving-625795fa,2026-08-21T16:40:43.496198+00:00,95333,A55 / Mumbai CSMT - Ambernath Fast Local,EMU,Local,2026-08-21,THK,KYN,19.2291431,73.1094207,0.4275862068965519,17,2026-08-21T21:48:00+05:30,2026-08-21T21:48:00+05:30,2026-08-21T22:04:07+05:30,2026-08-21T22:04:10+05:30,,departed,STATIONARY,49.4,1.24,29.0,17.0,0.0,60.000577,0.0,False,0.0,0.0,16,40,1000,4,17.0,0.0
20260821T162310Z-moving-625795fa,2026-08-21T16:41:43.518229+00:00,95333,A55 / Mumbai CSMT - Ambernath Fast Local,EMU,Local,2026-08-21,THK,KYN,19.2303695,73.1140747,0.6034482758620693,17,2026-08-21T21:48:00+05:30,2026-08-21T21:48:00+05:30,2026-08-21T22:04:07+05:30,2026-08-21T22:04:10+05:30,,departed,MOVING,49.4,1.75,29.0,17.0,0.0,60.022031,0.0,False,0.0,0.0,16,41,1001,4,19.0,2.0
20260821T162310Z-moving-625795fa,2026-08-21T16:42:43.515778+00:00,95333,A55 / Mumbai CSMT - Ambernath Fast Local,EMU,Local,2026-08-21,KYNX,KYN,19.2329292,73.1237869,,19,2026-08-21T21:53:00+05:30,2026-08-21T21:53:00+05:30,2026-08-21T22:12:37+05:30,2026-08-21T22:12:00+05:30,,at-station,MOVING,52.3,0.0,30.0,17.0,2.0,59.997549,2.8999999999999986,True,1.0,174.0071081903695,16,42,1002,4,20.0,1.0
20260821T162310Z-moving-625795fa,2026-08-21T16:43:43.669720+00:00,95333,A55 / Mumbai CSMT - Ambernath Fast Local,EMU,Local,2026-08-21,KYNX,KYN,19.2329292,73.1237869,,20,2026-08-21T21:53:00+05:30,2026-08-21T21:53:00+05:30,2026-08-21T22:12:37+05:30,2026-08-21T22:13:00+05:30,,at-station,STATIONARY,52.3,0.0,30.0,19.0,1.0,60.153942,0.0,False,0.0,0.0,16,43,1003,4,20.0,0.0
20260821T162310Z-moving-625795fa,2026-08-21T16:44:43.573652+00:00,95333,A55 / Mumbai CSMT - Ambernath Fast Local,EMU,Local,2026-08-21,KYNX,KYN,19.2329292,73.1237869,,20,2026-08-21T21:53:00+05:30,2026-08-21T21:53:00+05:30,2026-08-21T22:12:37+05:30,2026-08-21T22:14:00+05:30,,at-station,STATIONARY,52.3,0.0,30.0,20.0,0.0,59.903932,0.0,False,0.0,0.0,16,44,1004,4,19.0,-1.0
20260821T162310Z-moving-625795fa,2026-08-21T16:45:43.507973+00:00,95333,A55 / Mumbai CSMT - Ambernath Fast Local,EMU,Local,2026-08-21,KYN,VLDI,19.2354393,73.1311035,,19,2026-08-21T21:55:00+05:30,2026-08-21T21:55:00+05:30,2026-08-21T22:13:10+05:30,2026-08-21T22:15:00+05:30,4.0,at-station,MOVING,53.6,0.0,31.0,20.0,-1.0,59.934321,1.3000000000000043,True,1.0,78.08547626659548,16,45,1005,4,21.0,2.0
20260821T162310Z-moving-625795fa,2026-08-21T16:46:43.510784+00:00,95333,A55 / Mumbai CSMT - Ambernath Fast Local,EMU,Local,2026-08-21,KYN,VLDI,19.2354393,73.1311035,,21,2026-08-21T21:55:00+05:30,2026-08-21T21:55:00+05:30,2026-08-21T22:13:10+05:30,2026-08-21T22:16:00+05:30,4.0,at-station,STATIONARY,53.6,0.0,31.0,19.0,2.0,60.002811,0.0,False,0.0,0.0,16,46,1006,4,21.0,0.0
20260821T162310Z-moving-625795fa,2026-08-21T16:47:43.703352+00:00,95333,A55 / Mumbai CSMT - Ambernath Fast Local,EMU,Local,2026-08-21,KYN,VLDI,19.2354393,73.1311035,,21,2026-08-21T21:55:00+05:30,2026-08-21T21:55:00+05:30,2026-08-21T22:13:10+05:30,2026-08-21T22:17:00+05:30,4.0,at-station,STATIONARY,53.6,0.0,31.0,21.0,0.0,60.192568,0.0,False,0.0,0.0,16,47,1007,4,21.0,0.0
20260821T162310Z-moving-625795fa,2026-08-21T16:48:43.497432+00:00,95333,A55 / Mumbai CSMT - Ambernath Fast Local,EMU,Local,2026-08-21,KYN,VLDI,19.2354393,73.1311035,,21,2026-08-21T21:55:00+05:30,2026-08-21T21:55:00+05:30,2026-08-21T22:13:10+05:30,2026-08-21T22:18:00+05:30,4.0,at-station,STATIONARY,53.6,0.0,31.0,21.0,0.0,59.79408,0.0,False,0.0,0.0,16,48,1008,4,21.0,0.0
20260821T162310Z-moving-625795fa,2026-08-21T16:44:25.210579+00:00,97179,Kalyan Jn. Mumbai EMU,EMU,Local,2026-08-21,PR,DR,19.008116,72.83684,0.2402402402402402,7,2026-08-21T22:07:00+05:30,2026-08-21T22:07:00+05:30,2026-08-21T22:06:00+05:30,2026-08-21T22:07:00+05:30,,at-station,MOVING,8.0,0.0,9.0,,,,,False,,,16,44,1004,4,7.0,0.0
20260821T162310Z-moving-625795fa,2026-08-21T16:45:25.313262+00:00,97179,Kalyan Jn. Mumbai EMU,EMU,Local,2026-08-21,PR,DR,19.008116,72.83684,0.2402402402402402,7,2026-08-21T22:07:00+05:30,2026-08-21T22:07:00+05:30,2026-08-21T22:06:00+05:30,2026-08-21T22:07:00+05:30,,at-station,STATIONARY,8.0,0.0,9.0,7.0,0.0,60.102683,0.0,False,0.0,0.0,16,45,1005,4,7.0,0.0
20260821T162310Z-moving-625795fa,2026-08-21T16:46:25.203649+00:00,97179,Kalyan Jn. Mumbai EMU,EMU,Local,2026-08-21,PR,DR,19.008116,72.83684,0.2402402402402402,7,2026-08-21T22:07:00+05:30,2026-08-21T22:07:00+05:30,2026-08-21T22:06:00+05:30,2026-08-21T22:07:00+05:30,,at-station,STATIONARY,8.0,0.0,9.0,7.0,0.0,59.890387,0.0,False,0.0,0.0,16,46,1006,4,7.0,0.0
20260821T162310Z-moving-625795fa,2026-08-21T16:47:25.204732+00:00,97179,Kalyan Jn. Mumbai EMU,EMU,Local,2026-08-21,DR,MTN,19.01572,72.841896,0.2702702702702703,7,2026-08-21T22:10:00+05:30,2026-08-21T22:10:00+05:30,2026-08-21T22:11:00+05:30,2026-08-21T22:10:00+05:30,,at-station,MOVING,9.0,0.0,10.0,7.0,0.0,60.001083,1.0,True,1.0,59.9989170195478,16,47,1007,4,7.0,0.0
20260821T162310Z-moving-625795fa,2026-08-21T16:48:25.213161+00:00,97179,Kalyan Jn. Mumbai EMU,EMU,Local,2026-08-21,DR,MTN,19.01572,72.841896,0.2702702702702703,7,2026-08-21T22:10:00+05:30,2026-08-21T22:10:00+05:30,2026-08-21T22:11:00+05:30,2026-08-21T22:10:00+05:30,,at-station,STATIONARY,9.0,0.0,10.0,7.0,0.0,60.008429,0.0,False,0.0,0.0,16,48,1008,4,9.0,2.0
20260821T162310Z-moving-625795fa,2026-08-21T16:49:25.199014+00:00,97179,Kalyan Jn. Mumbai EMU,EMU,Local,2026-08-21,DR,MTN,19.018993,72.84423,0.2702702702702703,9,2026-08-21T22:10:00+05:30,2026-08-21T22:10:00+05:30,2026-08-21T22:11:00+05:30,2026-08-21T22:10:00+05:30,,at-station,MOVING,9.0,0.0,10.0,7.0,2.0,59.985853,0.0,False,0.0,0.0,16,49,1009,4,9.0,0.0
20260821T162310Z-moving-625795fa,2026-08-21T16:37:37.447817+00:00,97263,Dombivli Mumbai EMU,EMU,Local,2026-08-21,BND,NHU,19.150507,72.94412,0.6647058823529414,9,2026-08-21T21:56:00+05:30,2026-08-21T21:56:00+05:30,2026-08-21T21:55:00+05:30,2026-08-21T21:56:00+05:30,,departed,MOVING,27.93,1.13,19.0,,,,,False,,,16,37,997,4,9.0,0.0
20260821T162310Z-moving-625795fa,2026-08-21T16:38:37.485298+00:00,97263,Dombivli Mumbai EMU,EMU,Local,2026-08-21,BND,NHU,19.150507,72.94412,0.6647058823529414,9,2026-08-21T21:56:00+05:30,2026-08-21T21:56:00+05:30,2026-08-21T21:55:00+05:30,2026-08-21T21:56:00+05:30,,departed,STATIONARY,27.93,1.13,19.0,9.0,0.0,60.037481,0.0,False,0.0,0.0,16,38,998,4,6.0,-3.0
20260821T162310Z-moving-625795fa,2026-08-21T16:39:37.409853+00:00,97263,Dombivli Mumbai EMU,EMU,Local,2026-08-21,MLND,TNA,19.16967,72.9545,0.921921921921922,6,2026-08-21T22:02:00+05:30,2026-08-21T22:02:00+05:30,2026-08-21T22:01:00+05:30,2026-08-21T22:02:00+05:30,,at-station,MOVING,30.7,0.0,22.0,9.0,-3.0,59.924555,2.7699999999999996,True,3.0,166.40924575910492,16,39,999,4,3.0,-3.0
20260821T162310Z-moving-625795fa,2026-08-21T16:40:37.482688+00:00,97263,Dombivli Mumbai EMU,EMU,Local,2026-08-21,BND,NHU,19.1480178,72.9420242,0.8048048048048049,3,2026-08-21T21:56:00+05:30,2026-08-21T21:56:00+05:30,2026-08-21T21:55:00+05:30,2026-08-21T21:56:00+05:30,3.0,at-station,MOVING,26.8,0.0,19.0,6.0,-3.0,60.072835,-3.8999999999999986,True,-3.0,,16,40,1000,4,14.0,11.0
20260821T162310Z-moving-625795fa,2026-08-21T16:41:37.404817+00:00,97263,Dombivli Mumbai EMU,EMU,Local,2026-08-21,BND,NHU,19.1480178,72.9420242,0.8048048048048049,14,2026-08-21T21:56:00+05:30,2026-08-21T21:56:00+05:30,2026-08-21T21:55:00+05:30,2026-08-21T21:56:00+05:30,3.0,at-station,STATIONARY,26.8,0.0,19.0,3.0,11.0,59.922129,0.0,False,0.0,0.0,16,41,1001,4,14.0,0.0
20260821T162310Z-moving-625795fa,2026-08-21T16:42:37.434559+00:00,97263,Dombivli Mumbai EMU,EMU,Local,2026-08-21,BND,NHU,19.1481246,72.9421081,0.8048048048048049,14,2026-08-21T21:56:00+05:30,2026-08-21T21:56:00+05:30,2026-08-21T21:55:00+05:30,2026-08-21T21:56:00+05:30,3.0,at-station,STATIONARY,26.8,0.0,19.0,14.0,0.0,60.029742,0.0,False,0.0,0.0,16,42,1002,4,15.0,1.0
20260821T162310Z-moving-625795fa,2026-08-21T16:43:37.515638+00:00,97263,Dombivli Mumbai EMU,EMU,Local,2026-08-21,BND,NHU,19.1481246,72.9421081,0.8048048048048049,15,2026-08-21T21:56:00+05:30,2026-08-21T21:56:00+05:30,2026-08-21T21:55:00+05:30,2026-08-21T21:56:00+05:30,3.0,at-station,STATIONARY,26.8,0.0,19.0,14.0,1.0,60.081079,0.0,False,0.0,0.0,16,43,1003,4,15.0,0.0
20260821T162310Z-moving-625795fa,2026-08-21T16:44:37.408665+00:00,97263,Dombivli Mumbai EMU,EMU,Local,2026-08-21,BND,NHU,19.1481246,72.9421081,0.8048048048048049,15,2026-08-21T21:56:00+05:30,2026-08-21T21:56:00+05:30,2026-08-21T21:55:00+05:30,2026-08-21T21:56:00+05:30,3.0,at-station,STATIONARY,26.8,0.0,19.0,15.0,0.0,59.893027,0.0,False,0.0,0.0,16,44,1004,4,15.0,0.0
20260821T162310Z-moving-625795fa,2026-08-21T16:45:37.532744+00:00,97263,Dombivli Mumbai EMU,EMU,Local,2026-08-21,BND,NHU,19.1481246,72.9421081,0.8048048048048049,15,2026-08-21T21:56:00+05:30,2026-08-21T21:56:00+05:30,2026-08-21T21:55:00+05:30,2026-08-21T21:56:00+05:30,3.0,at-station,STATIONARY,26.8,0.0,19.0,15.0,0.0,60.124079,0.0,False,0.0,0.0,16,45,1005,4,13.0,-2.0
20260821T162310Z-moving-625795fa,2026-08-21T16:46:37.500900+00:00,97263,Dombivli Mumbai EMU,EMU,Local,2026-08-21,CRNM,MLND,19.1637897,72.9509887,0.8888888888888891,13,2026-08-21T22:01:00+05:30,2026-08-21T22:01:00+05:30,2026-08-21T22:01:00+05:30,2026-08-21T22:01:00+05:30,,at-station,MOVING,29.6,0.0,21.0,15.0,-2.0,59.968156,2.8000000000000007,True,2.0,168.08921054701102,16,46,1006,4,16.0,3.0
20260821T162310Z-moving-625795fa,2026-08-21T16:47:37.411199+00:00,97263,Dombivli Mumbai EMU,EMU,Local,2026-08-21,CRNM,MLND,19.1637897,72.9509887,0.8888888888888891,16,2026-08-21T22:01:00+05:30,2026-08-21T22:01:00+05:30,2026-08-21T22:01:00+05:30,2026-08-21T22:01:00+05:30,,at-station,STATIONARY,29.6,0.0,21.0,13.0,3.0,59.910299,0.0,False,0.0,0.0,16,47,1007,4,16.0,0.0
20260821T162310Z-moving-625795fa,2026-08-21T16:48:37.429818+00:00,97263,Dombivli Mumbai EMU,EMU,Local,2026-08-21,CRNM,MLND,19.1637897,72.9509887,0.8888888888888891,16,2026-08-21T22:01:00+05:30,2026-08-21T22:01:00+05:30,2026-08-21T22:01:00+05:30,2026-08-21T22:01:00+05:30,,at-station,STATIONARY,29.6,0.0,21.0,16.0,0.0,60.018619,0.0,False,0.0,0.0,16,48,1008,4,19.0,3.0
20260821T162310Z-moving-625795fa,2026-08-21T16:49:37.446013+00:00,97263,Dombivli Mumbai EMU,EMU,Local,2026-08-21,CRNM,MLND,19.1637897,72.9509887,0.8888888888888891,19,2026-08-21T22:01:00+05:30,2026-08-21T22:01:00+05:30,2026-08-21T22:01:00+05:30,2026-08-21T22:01:00+05:30,,at-station,STATIONARY,29.6,0.0,21.0,16.0,3.0,60.016195,0.0,False,0.0,0.0,16,49,1009,4,19.0,0.0
20260822T085927Z-moving-6809face,2026-08-22T09:01:35.148688+00:00,96207,Badlapur Mumbai EMU,EMU,Local,2026-08-22,CRD,PR,18.9939994,72.8330001,0.1861861861861862,4,2026-08-22T14:27:00+05:30,2026-08-22T14:27:00+05:30,2026-08-22T14:28:00+05:30,2026-08-22T14:28:00+05:30,1.0,at-station,MOVING,6.2,0.0,7.0,,,,,False,,,9,1,541,5,3.0,-1.0
20260822T085927Z-moving-6809face,2026-08-22T09:02:35.149773+00:00,96207,Badlapur Mumbai EMU,EMU,Local,2026-08-22,PRLW,PR,19.0044708,72.8348617,0.2222222222222222,3,2026-08-22T14:29:00+05:30,2026-08-22T14:29:00+05:30,2026-08-22T14:30:00+05:30,2026-08-22T14:30:00+05:30,,at-station,MOVING,7.4,0.0,8.0,4.0,-1.0,60.001085,1.2000000000000002,True,1.0,71.99869802354408,9,2,542,5,3.0,0.0
20260822T085927Z-moving-6809face,2026-08-22T09:03:35.182580+00:00,96207,Badlapur Mumbai EMU,EMU,Local,2026-08-22,PRLW,PR,19.0044708,72.8348617,0.2222222222222222,3,2026-08-22T14:29:00+05:30,2026-08-22T14:29:00+05:30,2026-08-22T14:30:00+05:30,2026-08-22T14:30:00+05:30,,at-station,STATIONARY,7.4,0.0,8.0,3.0,0.0,60.032807,0.0,False,0.0,0.0,9,3,543,5,3.0,0.0
20260822T085927Z-moving-6809face,2026-08-22T09:04:35.349135+00:00,96207,Badlapur Mumbai EMU,EMU,Local,2026-08-22,PRLW,PR,19.0044708,72.8348617,0.2222222222222222,3,2026-08-22T14:29:00+05:30,2026-08-22T14:29:00+05:30,2026-08-22T14:30:00+05:30,2026-08-22T14:30:00+05:30,,at-station,STATIONARY,7.4,0.0,8.0,3.0,0.0,60.166555,0.0,False,0.0,0.0,9,4,544,5,3.0,0.0
20260822T085927Z-moving-6809face,2026-08-22T09:05:35.150232+00:00,96207,Badlapur Mumbai EMU,EMU,Local,2026-08-22,PRLW,PR,19.0044708,72.8348617,0.2222222222222222,3,2026-08-22T14:29:00+05:30,2026-08-22T14:29:00+05:30,2026-08-22T14:30:00+05:30,2026-08-22T14:30:00+05:30,,at-station,STATIONARY,7.4,0.0,8.0,3.0,0.0,59.801097,0.0,False,0.0,0.0,9,5,545,5,3.0,0.0
20260822T085927Z-moving-6809face,2026-08-22T09:06:35.145919+00:00,96207,Badlapur Mumbai EMU,EMU,Local,2026-08-22,DR,MTN,19.018972,72.84437,0.2702702702702703,3,2026-08-22T14:33:00+05:30,2026-08-22T14:33:00+05:30,2026-08-22T14:34:43+05:30,2026-08-22T14:36:00+05:30,,at-station,MOVING,9.0,0.0,10.0,3.0,0.0,59.995687,1.5999999999999996,True,2.0,96.00690129608815,9,6,546,5,1.0,-2.0
20260822T085927Z-moving-6809face,2026-08-22T09:07:35.153462+00:00,96207,Badlapur Mumbai EMU,EMU,Local,2026-08-22,MTN,SION,19.02396,72.8479,0.3123123123123123,1,2026-08-22T14:36:00+05:30,2026-08-22T14:36:00+05:30,2026-08-22T14:35:44+05:30,2026-08-22T14:37:00+05:30,,at-station,MOVING,10.4,0.0,11.0,3.0,-2.0,60.007543,1.4000000000000004,True,1.0,83.98944112742628,9,7,547,5,2.0,1.0
20260822T085927Z-moving-6809face,2026-08-22T09:08:35.143951+00:00,96207,Badlapur Mumbai EMU,EMU,Local,2026-08-22,MTN,SION,19.026932,72.84999,0.3123123123123123,2,2026-08-22T14:36:00+05:30,2026-08-22T14:36:00+05:30,2026-08-22T14:35:44+05:30,2026-08-22T14:38:00+05:30,,at-station,MOVING,10.4,0.0,11.0,1.0,1.0,59.990489,0.0,False,0.0,0.0,9,8,548,5,2.0,0.0
20260822T085927Z-moving-6809face,2026-08-22T09:09:35.288425+00:00,96207,Badlapur Mumbai EMU,EMU,Local,2026-08-22,MTN,SION,19.0273303,72.8502578,0.3123123123123123,2,2026-08-22T14:36:00+05:30,2026-08-22T14:36:00+05:30,2026-08-22T14:35:44+05:30,2026-08-22T14:39:00+05:30,1.0,at-station,MOVING,10.4,0.0,11.0,2.0,0.0,60.144474,0.0,False,0.0,0.0,9,9,549,5,2.0,0.0
20260822T085927Z-moving-6809face,2026-08-22T09:10:35.232832+00:00,96207,Badlapur Mumbai EMU,EMU,Local,2026-08-22,MTN,SION,19.0326404,72.8538742,0.3123123123123123,2,2026-08-22T14:36:00+05:30,2026-08-22T14:36:00+05:30,2026-08-22T14:35:44+05:30,2026-08-22T14:40:00+05:30,1.0,at-station,MOVING,10.4,0.0,11.0,2.0,0.0,59.944407,0.0,False,0.0,0.0,9,10,550,5,3.0,1.0
20260822T085927Z-moving-6809face,2026-08-22T09:11:35.168950+00:00,96207,Badlapur Mumbai EMU,EMU,Local,2026-08-22,MTN,SION,19.0326404,72.8538742,0.3123123123123123,3,2026-08-22T14:36:00+05:30,2026-08-22T14:36:00+05:30,2026-08-22T14:35:44+05:30,2026-08-22T14:41:00+05:30,1.0,at-station,STATIONARY,10.4,0.0,11.0,2.0,1.0,59.936118,0.0,False,0.0,0.0,9,11,551,5,2.0,-1.0
20260822T085927Z-moving-6809face,2026-08-22T09:12:35.198357+00:00,96207,Badlapur Mumbai EMU,EMU,Local,2026-08-22,SION,CLA,19.0465297,72.8633193,0.3873873873873874,2,2026-08-22T14:39:00+05:30,2026-08-22T14:39:00+05:30,2026-08-22T14:41:46+05:30,2026-08-22T14:42:00+05:30,,at-station,MOVING,12.9,0.0,12.0,3.0,-1.0,60.029407,2.5,True,1.0,149.92651851450074,9,12,552,5,2.0,0.0
20260822T085927Z-moving-6809face,2026-08-22T09:13:35.201908+00:00,96207,Badlapur Mumbai EMU,EMU,Local,2026-08-22,SION,CLA,19.0465297,72.8633193,0.3873873873873874,2,2026-08-22T14:39:00+05:30,2026-08-22T14:39:00+05:30,2026-08-22T14:41:46+05:30,2026-08-22T14:43:00+05:30,,at-station,STATIONARY,12.9,0.0,12.0,2.0,0.0,60.003551,0.0,False,0.0,0.0,9,13,553,5,2.0,0.0
20260822T085927Z-moving-6809face,2026-08-22T09:14:35.209624+00:00,96207,Badlapur Mumbai EMU,EMU,Local,2026-08-22,SION,CLA,19.0465297,72.8633193,0.3873873873873874,2,2026-08-22T14:39:00+05:30,2026-08-22T14:39:00+05:30,2026-08-22T14:41:46+05:30,2026-08-22T14:44:00+05:30,,at-station,STATIONARY,12.9,0.0,12.0,2.0,0.0,60.007716,0.0,False,0.0,0.0,9,14,554,5,0.0,-2.0
20260822T085927Z-moving-6809face,2026-08-22T09:15:35.212040+00:00,96207,Badlapur Mumbai EMU,EMU,Local,2026-08-22,CLA,VVH,19.0651493,72.8794021,0.4684684684684685,0,2026-08-22T14:43:00+05:30,2026-08-22T14:43:00+05:30,2026-08-22T14:44:00+05:30,2026-08-22T14:45:00+05:30,1.0,at-station,MOVING,15.6,0.0,13.0,2.0,-2.0,60.002416,2.6999999999999993,True,1.0,161.9934770626569,9,15,555,5,1.0,1.0
20260822T085927Z-moving-6809face,2026-08-22T09:16:35.209663+00:00,96207,Badlapur Mumbai EMU,EMU,Local,2026-08-22,CLA,VVH,19.0651493,72.8794021,0.4684684684684685,1,2026-08-22T14:43:00+05:30,2026-08-22T14:43:00+05:30,2026-08-22T14:44:00+05:30,2026-08-22T14:46:00+05:30,1.0,at-station,STATIONARY,15.6,0.0,13.0,0.0,1.0,59.997623,0.0,False,0.0,0.0,9,16,556,5,1.0,0.0
20260822T085927Z-moving-6809face,2026-08-22T09:17:35.184976+00:00,96207,Badlapur Mumbai EMU,EMU,Local,2026-08-22,CLA,VVH,19.0651493,72.8794021,0.4684684684684685,1,2026-08-22T14:43:00+05:30,2026-08-22T14:43:00+05:30,2026-08-22T14:44:00+05:30,2026-08-22T14:47:00+05:30,1.0,at-station,STATIONARY,15.6,0.0,13.0,1.0,0.0,59.975313,0.0,False,0.0,0.0,9,17,557,5,1.0,0.0
20260822T085927Z-moving-6809face,2026-08-22T09:18:35.227183+00:00,96207,Badlapur Mumbai EMU,EMU,Local,2026-08-22,CLA,VVH,19.0651493,72.8794021,0.4684684684684685,1,2026-08-22T14:43:00+05:30,2026-08-22T14:43:00+05:30,2026-08-22T14:44:00+05:30,2026-08-22T14:48:00+05:30,1.0,at-station,STATIONARY,15.6,0.0,13.0,1.0,0.0,60.042207,0.0,False,0.0,0.0,9,18,558,5,2.0,1.0
20260822T085927Z-moving-6809face,2026-08-22T09:19:35.150342+00:00,96207,Badlapur Mumbai EMU,EMU,Local,2026-08-22,VVH,GC,19.0790939,72.8972625,0.5435435435435436,2,2026-08-22T14:46:00+05:30,2026-08-22T14:46:00+05:30,2026-08-22T14:49:17+05:30,2026-08-22T14:49:00+05:30,1.0,at-station,MOVING,18.1,0.0,15.0,1.0,1.0,59.923159,2.5000000000000018,True,2.0,150.19234883795104,9,19,559,5,2.0,0.0
20260822T085927Z-moving-6809face,2026-08-22T09:20:35.234030+00:00,96207,Badlapur Mumbai EMU,EMU,Local,2026-08-22,VVH,GC,19.0790939,72.8972625,0.5435435435435436,2,2026-08-22T14:46:00+05:30,2026-08-22T14:46:00+05:30,2026-08-22T14:49:17+05:30,2026-08-22T14:50:00+05:30,1.0,at-station,STATIONARY,18.1,0.0,15.0,2.0,0.0,60.083688,0.0,False,0.0,0.0,9,20,560,5,1.0,-1.0
20260822T085927Z-moving-6809face,2026-08-22T09:21:35.332844+00:00,96207,Badlapur Mumbai EMU,EMU,Local,2026-08-22,GC,VK,19.0855998,72.9081192,0.5825825825825826,1,2026-08-22T14:49:00+05:30,2026-08-22T14:49:00+05:30,2026-08-22T14:50:33+05:30,2026-08-22T14:51:00+05:30,1.0,at-station,MOVING,19.4,0.0,16.0,2.0,-1.0,60.098814,1.2999999999999972,True,1.0,77.8717530099677,9,21,561,5,1.0,0.0
20260822T085927Z-moving-6809face,2026-08-22T09:22:35.214401+00:00,96207,Badlapur Mumbai EMU,EMU,Local,2026-08-22,GC,VK,19.0855998,72.9081192,0.5825825825825826,1,2026-08-22T14:49:00+05:30,2026-08-22T14:49:00+05:30,2026-08-22T14:50:33+05:30,2026-08-22T14:52:00+05:30,1.0,at-station,STATIONARY,19.4,0.0,16.0,1.0,0.0,59.881557,0.0,False,0.0,0.0,9,22,562,5,1.0,0.0
20260822T085927Z-moving-6809face,2026-08-22T09:23:35.207873+00:00,96207,Badlapur Mumbai EMU,EMU,Local,2026-08-22,GC,VK,19.0855998,72.9081192,0.5825825825825826,1,2026-08-22T14:49:00+05:30,2026-08-22T14:49:00+05:30,2026-08-22T14:50:33+05:30,2026-08-22T14:53:00+05:30,1.0,at-station,STATIONARY,19.4,0.0,16.0,1.0,0.0,59.993472,0.0,False,0.0,0.0,9,23,563,5,2.0,1.0
20260822T085927Z-moving-6809face,2026-08-22T09:24:35.585940+00:00,96207,Badlapur Mumbai EMU,EMU,Local,2026-08-22,GC,VK,19.0938663,72.914505,0.2999999999999998,2,2026-08-22T14:49:00+05:30,2026-08-22T14:49:00+05:30,2026-08-22T14:50:33+05:30,2026-08-22T14:51:12+05:30,1.0,departed,MOVING,19.4,1.11,16.0,1.0,1.0,60.378067,0.0,False,0.0,0.0,9,24,564,5,2.0,0.0
20260822T085927Z-moving-6809face,2026-08-22T09:25:35.292593+00:00,96207,Badlapur Mumbai EMU,EMU,Local,2026-08-22,VK,KJRD,19.1119403,72.9284667,0.6936936936936938,2,2026-08-22T14:53:00+05:30,2026-08-22T14:53:00+05:30,2026-08-22T14:55:00+05:30,2026-08-22T14:55:00+05:30,1.0,at-station,MOVING,23.1,0.0,17.0,2.0,0.0,59.706653,3.700000000000003,True,1.0,223.09071654041654,9,25,565,5,2.0,0.0
20260822T085927Z-moving-6809face,2026-08-22T09:26:35.387715+00:00,96207,Badlapur Mumbai EMU,EMU,Local,2026-08-22,VK,KJRD,19.1119403,72.9284667,0.6936936936936938,2,2026-08-22T14:53:00+05:30,2026-08-22T14:53:00+05:30,2026-08-22T14:55:00+05:30,2026-08-22T14:56:00+05:30,1.0,at-station,STATIONARY,23.1,0.0,17.0,2.0,0.0,60.095122,0.0,False,0.0,0.0,9,26,566,5,2.0,0.0
20260822T085927Z-moving-6809face,2026-08-22T09:27:35.428881+00:00,96207,Badlapur Mumbai EMU,EMU,Local,2026-08-22,VK,KJRD,19.1119403,72.9284667,0.6936936936936938,2,2026-08-22T14:53:00+05:30,2026-08-22T14:53:00+05:30,2026-08-22T14:55:00+05:30,2026-08-22T14:57:00+05:30,1.0,at-station,STATIONARY,23.1,0.0,17.0,2.0,0.0,60.041166,0.0,False,0.0,0.0,9,27,567,5,1.0,-1.0
20260822T085927Z-moving-6809face,2026-08-22T09:28:35.202334+00:00,96207,Badlapur Mumbai EMU,EMU,Local,2026-08-22,KJRD,BND,19.1281509,72.9282531,0.7507507507507508,1,2026-08-22T14:56:00+05:30,2026-08-22T14:56:00+05:30,2026-08-22T14:56:00+05:30,2026-08-22T14:58:00+05:30,1.0,at-station,MOVING,25.0,0.0,18.0,2.0,-1.0,59.773453,1.8999999999999986,True,1.0,114.43207070536805,9,28,568,5,1.0,0.0
20260822T085927Z-moving-6809face,2026-08-22T09:29:35.299813+00:00,96207,Badlapur Mumbai EMU,EMU,Local,2026-08-22,KJRD,BND,19.1281509,72.9282531,0.7507507507507508,1,2026-08-22T14:56:00+05:30,2026-08-22T14:56:00+05:30,2026-08-22T14:56:00+05:30,2026-08-22T14:59:00+05:30,1.0,at-station,STATIONARY,25.0,0.0,18.0,1.0,0.0,60.097479,0.0,False,0.0,0.0,9,29,569,5,1.0,0.0
20260822T085927Z-moving-6809face,2026-08-22T09:30:35.212105+00:00,96207,Badlapur Mumbai EMU,EMU,Local,2026-08-22,BND,NHU,19.1422805,72.9377899,0.8048048048048049,1,2026-08-22T14:59:00+05:30,2026-08-22T14:59:00+05:30,2026-08-22T15:00:00+05:30,2026-08-22T15:00:00+05:30,1.0,at-station,MOVING,26.8,0.0,19.0,1.0,0.0,59.912292,1.8000000000000007,True,1.0,108.1581055186472,9,30,570,5,1.0,0.0
20260822T085927Z-moving-6809face,2026-08-22T09:31:35.317354+00:00,96207,Badlapur Mumbai EMU,EMU,Local,2026-08-22,BND,NHU,19.1422805,72.9377899,0.8048048048048049,1,2026-08-22T14:59:00+05:30,2026-08-22T14:59:00+05:30,2026-08-22T15:00:00+05:30,2026-08-22T15:01:00+05:30,1.0,at-station,STATIONARY,26.8,0.0,19.0,1.0,0.0,60.105249,0.0,False,0.0,0.0,9,31,571,5,1.0,0.0
20260822T085927Z-moving-6809face,2026-08-22T09:32:35.214000+00:00,96207,Badlapur Mumbai EMU,EMU,Local,2026-08-22,BND,NHU,19.1422805,72.9377899,0.8048048048048049,1,2026-08-22T14:59:00+05:30,2026-08-22T14:59:00+05:30,2026-08-22T15:00:00+05:30,2026-08-22T15:02:00+05:30,1.0,at-station,STATIONARY,26.8,0.0,19.0,1.0,0.0,59.896646,0.0,False,0.0,0.0,9,32,572,5,1.0,0.0
20260822T085927Z-moving-6809face,2026-08-22T09:33:35.200464+00:00,96207,Badlapur Mumbai EMU,EMU,Local,2026-08-22,BND,NHU,19.1422805,72.9377899,0.8048048048048049,1,2026-08-22T14:59:00+05:30,2026-08-22T14:59:00+05:30,2026-08-22T15:00:00+05:30,2026-08-22T15:03:00+05:30,1.0,at-station,STATIONARY,26.8,0.0,19.0,1.0,0.0,59.986464,0.0,False,0.0,0.0,9,33,573,5,1.0,0.0
20260822T085927Z-moving-6809face,2026-08-22T09:34:35.231875+00:00,96207,Badlapur Mumbai EMU,EMU,Local,2026-08-22,NHU,MLND,19.15452,72.9468307,0.8558558558558559,1,2026-08-22T15:02:00+05:30,2026-08-22T15:02:00+05:30,2026-08-22T15:03:46+05:30,2026-08-22T15:04:00+05:30,1.0,at-station,MOVING,28.5,0.0,20.0,1.0,0.0,60.031411,1.6999999999999993,True,1.0,101.94662924048208,9,34,574,5,1.0,0.0
20260822T085927Z-moving-6809face,2026-08-22T09:35:35.243152+00:00,96207,Badlapur Mumbai EMU,EMU,Local,2026-08-22,CRNM,MLND,19.1637897,72.9509887,0.8888888888888891,1,2026-08-22T15:04:00+05:30,2026-08-22T15:04:00+05:30,2026-08-22T15:03:29+05:30,2026-08-22T15:05:00+05:30,,at-station,MOVING,29.6,0.0,21.0,1.0,0.0,60.011277,1.1000000000000014,True,1.0,65.98759763102534,9,35,575,5,2.0,1.0
20260822T085927Z-moving-6809face,2026-08-22T09:36:35.198592+00:00,96207,Badlapur Mumbai EMU,EMU,Local,2026-08-22,MLND,TNA,19.17173,72.9566268,0.921921921921922,2,2026-08-22T15:05:00+05:30,2026-08-22T15:05:00+05:30,2026-08-22T15:07:00+05:30,2026-08-22T15:07:00+05:30,1.0,at-station,MOVING,30.7,0.0,22.0,1.0,1.0,59.95544,1.0999999999999979,True,1.0,66.04905242960426,9,36,576,5,1.0,-1.0
20260822T085927Z-moving-6809face,2026-08-22T09:37:35.200098+00:00,96207,Badlapur Mumbai EMU,EMU,Local,2026-08-22,MLND,TNA,19.17173,72.9566268,0.921921921921922,1,2026-08-22T15:05:00+05:30,2026-08-22T15:05:00+05:30,2026-08-22T15:07:00+05:30,2026-08-22T15:07:00+05:30,1.0,at-station,STATIONARY,30.7,0.0,22.0,2.0,-1.0,60.001506,0.0,False,0.0,0.0,9,37,577,5,1.0,0.0
20260822T085927Z-moving-6809face,2026-08-22T09:38:35.403854+00:00,96207,Badlapur Mumbai EMU,EMU,Local,2026-08-22,MLND,TNA,19.17173,72.9566268,0.921921921921922,1,2026-08-22T15:05:00+05:30,2026-08-22T15:05:00+05:30,2026-08-22T15:07:00+05:30,2026-08-22T15:08:00+05:30,1.0,at-station,STATIONARY,30.7,0.0,22.0,1.0,0.0,60.203756,0.0,False,0.0,0.0,9,38,578,5,1.0,0.0
20260822T085927Z-moving-6809face,2026-08-22T09:39:35.261691+00:00,96207,Badlapur Mumbai EMU,EMU,Local,2026-08-22,MLND,TNA,19.1836204,72.9727478,0.8115384615384622,1,2026-08-22T15:05:00+05:30,2026-08-22T15:05:00+05:30,2026-08-22T15:07:00+05:30,2026-08-22T15:06:20+05:30,1.0,departed,MOVING,30.7,2.11,22.0,1.0,0.0,59.857837,0.0,False,0.0,0.0,9,39,579,5,1.0,0.0
20260822T085927Z-moving-6809face,2026-08-22T09:40:35.202895+00:00,96207,Badlapur Mumbai EMU,EMU,Local,2026-08-22,MLND,TNA,19.1836204,72.9727478,0.8115384615384622,1,2026-08-22T15:05:00+05:30,2026-08-22T15:05:00+05:30,2026-08-22T15:07:00+05:30,2026-08-22T15:06:20+05:30,1.0,departed,STATIONARY,30.7,2.11,22.0,1.0,0.0,59.941204,0.0,False,0.0,0.0,9,40,580,5,1.0,0.0
20260822T085927Z-moving-6809face,2026-08-22T09:41:35.216885+00:00,96207,Badlapur Mumbai EMU,EMU,Local,2026-08-22,TNA,KLVA,19.1861572,72.9761886,1.0,1,2026-08-22T15:09:00+05:30,2026-08-22T15:09:00+05:30,2026-08-22T15:10:37+05:30,2026-08-22T15:11:00+05:30,3.0,at-station,MOVING,33.3,0.0,23.0,1.0,0.0,60.01399,2.599999999999998,True,1.0,155.96363447922715,9,41,581,5,1.0,0.0
20260822T085927Z-moving-6809face,2026-08-22T09:42:35.199852+00:00,96207,Badlapur Mumbai EMU,EMU,Local,2026-08-22,TNA,KLVA,19.1861572,72.9761886,1.0,1,2026-08-22T15:09:00+05:30,2026-08-22T15:09:00+05:30,2026-08-22T15:10:37+05:30,2026-08-22T15:12:00+05:30,3.0,at-station,STATIONARY,33.3,0.0,23.0,1.0,0.0,59.982967,0.0,False,0.0,0.0,9,42,582,5,1.0,0.0
20260822T085927Z-moving-6809face,2026-08-22T09:43:35.245061+00:00,96207,Badlapur Mumbai EMU,EMU,Local,2026-08-22,TNA,KLVA,19.1861572,72.9761886,1.0,1,2026-08-22T15:09:00+05:30,2026-08-22T15:09:00+05:30,2026-08-22T15:10:37+05:30,2026-08-22T15:13:00+05:30,3.0,at-station,STATIONARY,33.3,0.0,23.0,1.0,0.0,60.045209,0.0,False,0.0,0.0,9,43,583,5,1.0,0.0
20260822T085927Z-moving-6809face,2026-08-22T09:44:35.194340+00:00,96207,Badlapur Mumbai EMU,EMU,Local,2026-08-22,TNA,KLVA,19.1861572,72.9761886,1.0,1,2026-08-22T15:09:00+05:30,2026-08-22T15:09:00+05:30,2026-08-22T15:10:37+05:30,2026-08-22T15:14:00+05:30,3.0,at-station,STATIONARY,33.3,0.0,23.0,1.0,0.0,59.949279,0.0,False,0.0,0.0,9,44,584,5,1.0,0.0
20260822T085927Z-moving-6809face,2026-08-22T09:45:35.181039+00:00,96207,Badlapur Mumbai EMU,EMU,Local,2026-08-22,KLVC,MBQ,19.1971282,72.9989547,,1,2026-08-22T15:15:00+05:30,2026-08-22T15:15:00+05:30,2026-08-22T15:14:45+05:30,2026-08-22T15:16:00+05:30,,at-station,MOVING,36.1,0.0,25.0,1.0,0.0,59.986699,2.8000000000000043,True,2.0,168.03725105793893,9,45,585,5,1.0,0.0
20260822T085927Z-moving-6809face,2026-08-22T09:46:35.180994+00:00,96207,Badlapur Mumbai EMU,EMU,Local,2026-08-22,KLVC,MBQ,19.1971282,72.9989547,,1,2026-08-22T15:15:00+05:30,2026-08-22T15:15:00+05:30,2026-08-22T15:14:45+05:30,2026-08-22T15:16:00+05:30,,at-station,STATIONARY,36.1,0.0,25.0,1.0,0.0,59.999955,0.0,False,0.0,0.0,9,46,586,5,1.0,0.0
20260822T085927Z-moving-6809face,2026-08-22T09:47:35.233339+00:00,96207,Badlapur Mumbai EMU,EMU,Local,2026-08-22,KLVC,MBQ,19.1971282,72.9989547,,1,2026-08-22T15:15:00+05:30,2026-08-22T15:15:00+05:30,2026-08-22T15:14:45+05:30,2026-08-22T15:17:00+05:30,,at-station,STATIONARY,36.1,0.0,25.0,1.0,0.0,60.052345,0.0,False,0.0,0.0,9,47,587,5,1.0,0.0
20260822T085927Z-moving-6809face,2026-08-22T09:48:35.301877+00:00,96207,Badlapur Mumbai EMU,EMU,Local,2026-08-22,KLVC,MBQ,19.1971282,72.9989547,,1,2026-08-22T15:15:00+05:30,2026-08-22T15:15:00+05:30,2026-08-22T15:14:45+05:30,2026-08-22T15:18:00+05:30,,at-station,STATIONARY,36.1,0.0,25.0,1.0,0.0,60.068538,0.0,False,0.0,0.0,9,48,588,5,0.0,-1.0
20260822T085927Z-moving-6809face,2026-08-22T09:49:35.172090+00:00,96207,Badlapur Mumbai EMU,EMU,Local,2026-08-22,MBQ,DIVA,19.1901397,73.0231399,,0,2026-08-22T15:20:00+05:30,2026-08-22T15:20:00+05:30,2026-08-22T15:18:15+05:30,2026-08-22T15:20:00+05:30,1.0,at-station,MOVING,40.2,0.0,26.0,1.0,-1.0,59.870213,4.100000000000001,True,1.0,246.53328024739122,9,49,589,5,0.0,0.0
20260822T085927Z-moving-6809face,2026-08-22T09:50:35.221325+00:00,96207,Badlapur Mumbai EMU,EMU,Local,2026-08-22,MBQ,DIVA,19.1901397,73.0231399,,0,2026-08-22T15:20:00+05:30,2026-08-22T15:20:00+05:30,2026-08-22T15:18:15+05:30,2026-08-22T15:20:00+05:30,1.0,at-station,STATIONARY,40.2,0.0,26.0,0.0,0.0,60.049235,0.0,False,0.0,0.0,9,50,590,5,0.0,0.0
20260822T085927Z-moving-6809face,2026-08-22T09:51:35.183307+00:00,96207,Badlapur Mumbai EMU,EMU,Local,2026-08-22,DIVA,KOPR,19.1886501,73.0424423,,0,2026-08-22T15:24:00+05:30,2026-08-22T15:24:00+05:30,2026-08-22T15:25:00+05:30,2026-08-22T15:24:00+05:30,1.0,at-station,MOVING,42.7,0.0,27.0,0.0,0.0,59.961982,2.5,True,1.0,150.0951052618641,9,51,591,5,0.0,0.0
20260822T085927Z-moving-6809face,2026-08-22T09:52:35.214793+00:00,96207,Badlapur Mumbai EMU,EMU,Local,2026-08-22,DIVA,KOPR,19.1886501,73.0424423,,0,2026-08-22T15:24:00+05:30,2026-08-22T15:24:00+05:30,2026-08-22T15:25:00+05:30,2026-08-22T15:24:00+05:30,1.0,at-station,STATIONARY,42.7,0.0,27.0,0.0,0.0,60.031486,0.0,False,0.0,0.0,9,52,592,5,0.0,0.0
20260822T085927Z-moving-6809face,2026-08-22T09:53:35.251944+00:00,96207,Badlapur Mumbai EMU,EMU,Local,2026-08-22,DIVA,KOPR,19.1886501,73.0424423,,0,2026-08-22T15:24:00+05:30,2026-08-22T15:24:00+05:30,2026-08-22T15:25:00+05:30,2026-08-22T15:24:00+05:30,1.0,at-station,STATIONARY,42.7,0.0,27.0,0.0,0.0,60.037151,0.0,False,0.0,0.0,9,53,593,5,-1.0,-1.0
20260822T085927Z-moving-6809face,2026-08-22T09:54:35.180926+00:00,96207,Badlapur Mumbai EMU,EMU,Local,2026-08-22,DWJN,KOPR,19.1958503,73.057373,,-1,2026-08-22T15:26:00+05:30,2026-08-22T15:26:00+05:30,2026-08-22T15:22:40+05:30,2026-08-22T15:26:00+05:30,,at-station,MOVING,44.5,0.0,28.0,0.0,-1.0,59.928982,1.7999999999999972,True,1.0,108.12798388599342,9,54,594,5,-1.0,0.0
20260822T085927Z-moving-6809face,2026-08-22T09:55:35.188885+00:00,96207,Badlapur Mumbai EMU,EMU,Local,2026-08-22,DWJN,KOPR,19.1958503,73.057373,,-1,2026-08-22T15:26:00+05:30,2026-08-22T15:26:00+05:30,2026-08-22T15:22:40+05:30,2026-08-22T15:26:00+05:30,,at-station,STATIONARY,44.5,0.0,28.0,-1.0,0.0,60.007959,0.0,False,0.0,0.0,9,55,595,5,0.0,1.0
20260822T085927Z-moving-6809face,2026-08-22T09:56:35.272023+00:00,96207,Badlapur Mumbai EMU,EMU,Local,2026-08-22,DIVA,KOPR,19.1886501,73.0424423,,0,2026-08-22T15:24:00+05:30,2026-08-22T15:24:00+05:30,2026-08-22T15:25:00+05:30,2026-08-22T15:26:00+05:30,1.0,at-station,MOVING,42.7,0.0,27.0,-1.0,1.0,60.083138,-1.7999999999999972,True,-1.0,,9,56,596,5,2.0,2.0
20260822T085927Z-moving-6809face,2026-08-22T09:57:35.202091+00:00,96207,Badlapur Mumbai EMU,EMU,Local,2026-08-22,DIVA,KOPR,19.1886501,73.0424423,,2,2026-08-22T15:24:00+05:30,2026-08-22T15:24:00+05:30,2026-08-22T15:25:00+05:30,2026-08-22T15:27:00+05:30,1.0,at-station,STATIONARY,42.7,0.0,27.0,0.0,2.0,59.930068,0.0,False,0.0,0.0,9,57,597,5,0.0,-2.0
20260822T085927Z-moving-6809face,2026-08-22T09:58:35.284236+00:00,96207,Badlapur Mumbai EMU,EMU,Local,2026-08-22,KOPR,DI,19.2108898,73.0772933,,0,2026-08-22T15:29:00+05:30,2026-08-22T15:29:00+05:30,2026-08-22T15:25:44+05:30,2026-08-22T15:29:00+05:30,1.0,at-station,MOVING,47.2,0.0,29.0,2.0,-2.0,60.082145,4.5,True,2.0,269.63085289315154,9,58,598,5,0.0,0.0
20260822T085927Z-moving-6809face,2026-08-22T09:14:47.455611+00:00,96633,TL35 / Mumbai CSMT - Titvala Slow Local,EMU,Local,2026-08-22,SION,CLA,19.073534,72.8409,0.3873873873873874,12,2026-08-22T14:31:00+05:30,2026-08-22T14:31:00+05:30,2026-08-22T14:31:00+05:30,2026-08-22T14:31:00+05:30,,at-station,MOVING,12.9,0.0,12.0,,,,,False,,,9,14,554,5,12.0,0.0
20260822T085927Z-moving-6809face,2026-08-22T09:15:47.361798+00:00,96633,TL35 / Mumbai CSMT - Titvala Slow Local,EMU,Local,2026-08-22,SION,CLA,19.073534,72.8409,0.3873873873873874,12,2026-08-22T14:31:00+05:30,2026-08-22T14:31:00+05:30,2026-08-22T14:31:00+05:30,2026-08-22T14:31:00+05:30,,at-station,STATIONARY,12.9,0.0,12.0,12.0,0.0,59.906187,0.0,False,0.0,0.0,9,15,555,5,12.0,0.0
20260822T085927Z-moving-6809face,2026-08-22T09:16:47.378216+00:00,96633,TL35 / Mumbai CSMT - Titvala Slow Local,EMU,Local,2026-08-22,SION,CLA,19.073534,72.8409,0.3873873873873874,12,2026-08-22T14:31:00+05:30,2026-08-22T14:31:00+05:30,2026-08-22T14:31:00+05:30,2026-08-22T14:31:00+05:30,,at-station,STATIONARY,12.9,0.0,12.0,12.0,0.0,60.016418,0.0,False,0.0,0.0,9,16,556,5,12.0,0.0
20260822T085927Z-moving-6809face,2026-08-22T09:17:47.402453+00:00,96633,TL35 / Mumbai CSMT - Titvala Slow Local,EMU,Local,2026-08-22,SION,CLA,19.073534,72.8409,0.3873873873873874,12,2026-08-22T14:31:00+05:30,2026-08-22T14:31:00+05:30,2026-08-22T14:31:00+05:30,2026-08-22T14:31:00+05:30,,at-station,STATIONARY,12.9,0.0,12.0,12.0,0.0,60.024237,0.0,False,0.0,0.0,9,17,557,5,15.0,3.0
20260822T085927Z-moving-6809face,2026-08-22T09:18:47.407583+00:00,96633,TL35 / Mumbai CSMT - Titvala Slow Local,EMU,Local,2026-08-22,SION,CLA,19.054249,72.86875,0.3814814814814816,15,2026-08-22T14:31:00+05:30,2026-08-22T14:31:00+05:30,2026-08-22T14:31:00+05:30,2026-08-22T14:31:00+05:30,,departed,MOVING,13.93,1.03,12.0,12.0,3.0,60.00513,1.0299999999999994,False,0.0,61.79471655173479,9,18,558,5,15.0,0.0
20260822T085927Z-moving-6809face,2026-08-22T09:19:47.357308+00:00,96633,TL35 / Mumbai CSMT - Titvala Slow Local,EMU,Local,2026-08-22,SION,CLA,19.054249,72.86875,0.3814814814814816,15,2026-08-22T14:31:00+05:30,2026-08-22T14:31:00+05:30,2026-08-22T14:31:00+05:30,2026-08-22T14:31:00+05:30,,departed,STATIONARY,13.93,1.03,12.0,15.0,0.0,59.949725,0.0,False,0.0,0.0,9,19,559,5,15.0,0.0
20260822T085927Z-moving-6809face,2026-08-22T09:20:47.429465+00:00,96633,TL35 / Mumbai CSMT - Titvala Slow Local,EMU,Local,2026-08-22,SION,CLA,19.054249,72.86875,0.3814814814814816,15,2026-08-22T14:31:00+05:30,2026-08-22T14:31:00+05:30,2026-08-22T14:31:00+05:30,2026-08-22T14:31:00+05:30,,departed,STATIONARY,13.93,1.03,12.0,15.0,0.0,60.072157,0.0,False,0.0,0.0,9,20,560,5,16.0,1.0
20260822T085927Z-moving-6809face,2026-08-22T09:21:47.454389+00:00,96633,TL35 / Mumbai CSMT - Titvala Slow Local,EMU,Local,2026-08-22,CLA,VVH,19.067429,72.88222,0.4684684684684685,16,2026-08-22T14:35:00+05:30,2026-08-22T14:35:00+05:30,2026-08-22T14:34:00+05:30,2026-08-22T14:35:00+05:30,,at-station,MOVING,15.6,0.0,13.0,15.0,1.0,60.024924,1.67,True,1.0,100.15839420304805,9,21,561,5,16.0,0.0
20260822T085927Z-moving-6809face,2026-08-22T09:22:47.497538+00:00,96633,TL35 / Mumbai CSMT - Titvala Slow Local,EMU,Local,2026-08-22,CLA,VVH,19.067429,72.88222,0.4684684684684685,16,2026-08-22T14:35:00+05:30,2026-08-22T14:35:00+05:30,2026-08-22T14:34:00+05:30,2026-08-22T14:35:00+05:30,,at-station,STATIONARY,15.6,0.0,13.0,16.0,0.0,60.043149,0.0,False,0.0,0.0,9,22,562,5,14.0,-2.0
20260822T085927Z-moving-6809face,2026-08-22T09:23:47.379443+00:00,96633,TL35 / Mumbai CSMT - Titvala Slow Local,EMU,Local,2026-08-22,VVH,GC,19.077972,72.89654,0.5435435435435436,14,2026-08-22T14:38:00+05:30,2026-08-22T14:38:00+05:30,2026-08-22T14:37:00+05:30,2026-08-22T14:38:00+05:30,,at-station,MOVING,18.1,0.0,15.0,16.0,-2.0,59.881905,2.5000000000000018,True,2.0,150.29581974721756,9,23,563,5,14.0,0.0
20260822T085927Z-moving-6809face,2026-08-22T09:24:47.589926+00:00,96633,TL35 / Mumbai CSMT - Titvala Slow Local,EMU,Local,2026-08-22,VVH,GC,19.077972,72.89654,0.5435435435435436,14,2026-08-22T14:38:00+05:30,2026-08-22T14:38:00+05:30,2026-08-22T14:37:00+05:30,2026-08-22T14:38:00+05:30,,at-station,STATIONARY,18.1,0.0,15.0,14.0,0.0,60.210483,0.0,False,0.0,0.0,9,24,564,5,14.0,0.0
20260822T085927Z-moving-6809face,2026-08-22T09:25:47.396645+00:00,96633,TL35 / Mumbai CSMT - Titvala Slow Local,EMU,Local,2026-08-22,VVH,GC,19.077972,72.89654,0.5435435435435436,14,2026-08-22T14:38:00+05:30,2026-08-22T14:38:00+05:30,2026-08-22T14:37:00+05:30,2026-08-22T14:38:00+05:30,,at-station,STATIONARY,18.1,0.0,15.0,14.0,0.0,59.806719,0.0,False,0.0,0.0,9,25,565,5,14.0,0.0
20260822T085927Z-moving-6809face,2026-08-22T09:26:47.377746+00:00,96633,TL35 / Mumbai CSMT - Titvala Slow Local,EMU,Local,2026-08-22,GC,VK,19.08671,72.90859,0.5825825825825826,14,2026-08-22T14:41:00+05:30,2026-08-22T14:41:00+05:30,2026-08-22T14:42:00+05:30,2026-08-22T14:41:00+05:30,,at-station,MOVING,19.4,0.0,16.0,14.0,0.0,59.981101,1.2999999999999972,True,1.0,78.02457644116919,9,26,566,5,14.0,0.0
20260822T085927Z-moving-6809face,2026-08-22T09:27:47.396001+00:00,96633,TL35 / Mumbai CSMT - Titvala Slow Local,EMU,Local,2026-08-22,GC,VK,19.08671,72.90859,0.5825825825825826,14,2026-08-22T14:41:00+05:30,2026-08-22T14:41:00+05:30,2026-08-22T14:42:00+05:30,2026-08-22T14:41:00+05:30,,at-station,STATIONARY,19.4,0.0,16.0,14.0,0.0,60.018255,0.0,False,0.0,0.0,9,27,567,5,15.0,1.0
20260822T085927Z-moving-6809face,2026-08-22T09:28:47.427759+00:00,96633,TL35 / Mumbai CSMT - Titvala Slow Local,EMU,Local,2026-08-22,GC,VK,19.0974693,72.9172897,0.4351351351351348,15,2026-08-22T14:41:00+05:30,2026-08-22T14:41:00+05:30,2026-08-22T14:42:00+05:30,2026-08-22T14:41:00+05:30,1.0,departed,MOVING,19.4,1.61,16.0,14.0,1.0,60.031758,0.0,False,0.0,0.0,9,28,568,5,15.0,0.0
20260822T085927Z-moving-6809face,2026-08-22T09:29:47.442947+00:00,96633,TL35 / Mumbai CSMT - Titvala Slow Local,EMU,Local,2026-08-22,GC,VK,19.0974693,72.9172897,0.4351351351351348,15,2026-08-22T14:41:00+05:30,2026-08-22T14:41:00+05:30,2026-08-22T14:42:00+05:30,2026-08-22T14:41:00+05:30,1.0,departed,STATIONARY,19.4,1.61,16.0,15.0,0.0,60.015188,0.0,False,0.0,0.0,9,29,569,5,15.0,0.0
20260822T085927Z-moving-6809face,2026-08-22T09:30:47.379054+00:00,96633,TL35 / Mumbai CSMT - Titvala Slow Local,EMU,Local,2026-08-22,GC,VK,19.0974693,72.9172897,0.4351351351351348,15,2026-08-22T14:41:00+05:30,2026-08-22T14:41:00+05:30,2026-08-22T14:42:00+05:30,2026-08-22T14:41:00+05:30,1.0,departed,STATIONARY,19.4,1.61,16.0,15.0,0.0,59.936107,0.0,False,0.0,0.0,9,30,570,5,15.0,0.0
20260822T085927Z-moving-6809face,2026-08-22T09:31:47.444691+00:00,96633,TL35 / Mumbai CSMT - Titvala Slow Local,EMU,Local,2026-08-22,GC,VK,19.0974693,72.9172897,0.4351351351351348,15,2026-08-22T14:41:00+05:30,2026-08-22T14:41:00+05:30,2026-08-22T14:42:00+05:30,2026-08-22T14:41:00+05:30,1.0,departed,STATIONARY,19.4,1.61,16.0,15.0,0.0,60.065637,0.0,False,0.0,0.0,9,31,571,5,15.0,0.0
20260822T085927Z-moving-6809face,2026-08-22T09:40:47.398318+00:00,96633,TL35 / Mumbai CSMT - Titvala Slow Local,EMU,Local,2026-08-22,NHU,MLND,19.15452,72.9468307,0.8558558558558559,15,2026-08-22T14:54:00+05:30,2026-08-22T14:54:00+05:30,2026-08-22T14:53:00+05:30,2026-08-22T14:55:00+05:30,1.0,at-station,MOVING,28.5,0.0,20.0,15.0,0.0,539.953627,9.100000000000001,True,4.0,60.67187692027487,9,40,580,5,15.0,0.0
20260822T085927Z-moving-6809face,2026-08-22T09:41:47.462342+00:00,96633,TL35 / Mumbai CSMT - Titvala Slow Local,EMU,Local,2026-08-22,NHU,MLND,19.15452,72.9468307,0.8558558558558559,15,2026-08-22T14:54:00+05:30,2026-08-22T14:54:00+05:30,2026-08-22T14:53:00+05:30,2026-08-22T14:55:00+05:30,1.0,at-station,STATIONARY,28.5,0.0,20.0,15.0,0.0,60.064024,0.0,False,0.0,0.0,9,41,581,5,15.0,0.0
20260822T085927Z-moving-6809face,2026-08-22T09:42:47.383601+00:00,96633,TL35 / Mumbai CSMT - Titvala Slow Local,EMU,Local,2026-08-22,NHU,MLND,19.15452,72.9468307,0.8558558558558559,15,2026-08-22T14:54:00+05:30,2026-08-22T14:54:00+05:30,2026-08-22T14:53:00+05:30,2026-08-22T14:55:00+05:30,1.0,at-station,STATIONARY,28.5,0.0,20.0,15.0,0.0,59.921259,0.0,False,0.0,0.0,9,42,582,5,15.0,0.0
20260822T085927Z-moving-6809face,2026-08-22T09:43:47.474154+00:00,96633,TL35 / Mumbai CSMT - Titvala Slow Local,EMU,Local,2026-08-22,NHU,MLND,19.15452,72.9468307,0.8558558558558559,15,2026-08-22T14:54:00+05:30,2026-08-22T14:54:00+05:30,2026-08-22T14:53:00+05:30,2026-08-22T14:55:00+05:30,1.0,at-station,STATIONARY,28.5,0.0,20.0,15.0,0.0,60.090553,0.0,False,0.0,0.0,9,43,583,5,15.0,0.0
20260822T085927Z-moving-6809face,2026-08-22T09:44:47.430945+00:00,96633,TL35 / Mumbai CSMT - Titvala Slow Local,EMU,Local,2026-08-22,MLND,TNA,19.1785583,72.9658889,0.4615384615384619,15,2026-08-22T14:57:00+05:30,2026-08-22T14:57:00+05:30,2026-08-22T14:57:00+05:30,2026-08-22T14:57:00+05:30,1.0,departed,MOVING,30.7,1.2,22.0,15.0,0.0,59.956791,2.1999999999999993,True,2.0,132.09512830664997,9,44,584,5,15.0,0.0
20260822T085927Z-moving-6809face,2026-08-22T09:45:47.419404+00:00,96633,TL35 / Mumbai CSMT - Titvala Slow Local,EMU,Local,2026-08-22,MLND,TNA,19.1785583,72.9658889,0.4615384615384619,15,2026-08-22T14:57:00+05:30,2026-08-22T14:57:00+05:30,2026-08-22T14:57:00+05:30,2026-08-22T14:57:00+05:30,1.0,departed,STATIONARY,30.7,1.2,22.0,15.0,0.0,59.988459,0.0,False,0.0,0.0,9,45,585,5,15.0,0.0
20260822T085927Z-moving-6809face,2026-08-22T09:46:47.394791+00:00,96633,TL35 / Mumbai CSMT - Titvala Slow Local,EMU,Local,2026-08-22,MLND,TNA,19.1785583,72.9658889,0.4615384615384619,15,2026-08-22T14:57:00+05:30,2026-08-22T14:57:00+05:30,2026-08-22T14:57:00+05:30,2026-08-22T14:57:00+05:30,1.0,departed,STATIONARY,30.7,1.2,22.0,15.0,0.0,59.975387,0.0,False,0.0,0.0,9,46,586,5,15.0,0.0
20260822T085927Z-moving-6809face,2026-08-22T09:47:47.461981+00:00,96633,TL35 / Mumbai CSMT - Titvala Slow Local,EMU,Local,2026-08-22,TNA,KLVA,19.1861572,72.9761886,1.0,15,2026-08-22T15:01:00+05:30,2026-08-22T15:01:00+05:30,2026-08-22T15:01:00+05:30,2026-08-22T15:01:00+05:30,2.0,at-station,MOVING,33.3,0.0,23.0,15.0,0.0,60.06719,2.599999999999998,True,1.0,155.82550140933833,9,47,587,5,15.0,0.0
20260822T085927Z-moving-6809face,2026-08-22T09:48:47.424641+00:00,96633,TL35 / Mumbai CSMT - Titvala Slow Local,EMU,Local,2026-08-22,TNA,KLVA,19.1861572,72.9761886,1.0,15,2026-08-22T15:01:00+05:30,2026-08-22T15:01:00+05:30,2026-08-22T15:01:00+05:30,2026-08-22T15:01:00+05:30,2.0,at-station,STATIONARY,33.3,0.0,23.0,15.0,0.0,59.96266,0.0,False,0.0,0.0,9,48,588,5,15.0,0.0
20260822T085927Z-moving-6809face,2026-08-22T09:49:47.482571+00:00,96633,TL35 / Mumbai CSMT - Titvala Slow Local,EMU,Local,2026-08-22,TNA,KLVA,19.1861572,72.9761886,1.0,15,2026-08-22T15:01:00+05:30,2026-08-22T15:01:00+05:30,2026-08-22T15:01:00+05:30,2026-08-22T15:01:00+05:30,2.0,at-station,STATIONARY,33.3,0.0,23.0,15.0,0.0,60.05793,0.0,False,0.0,0.0,9,49,589,5,15.0,0.0
20260822T085927Z-moving-6809face,2026-08-22T09:50:47.472972+00:00,96633,TL35 / Mumbai CSMT - Titvala Slow Local,EMU,Local,2026-08-22,TNA,KLVA,19.1861572,72.9761886,1.0,15,2026-08-22T15:01:00+05:30,2026-08-22T15:01:00+05:30,2026-08-22T15:01:00+05:30,2026-08-22T15:01:00+05:30,2.0,at-station,STATIONARY,33.3,0.0,23.0,15.0,0.0,59.990401,0.0,False,0.0,0.0,9,50,590,5,24.0,9.0
20260822T085927Z-moving-6809face,2026-08-22T09:57:47.670088+00:00,96633,TL35 / Mumbai CSMT - Titvala Slow Local,EMU,Local,2026-08-22,TNA,KLVA,19.1916236,72.9884796,0.6041666666666652,24,2026-08-22T15:01:00+05:30,2026-08-22T15:01:00+05:30,2026-08-22T15:01:00+05:30,2026-08-22T15:01:00+05:30,2.0,departed,MOVING,33.3,1.45,23.0,15.0,9.0,420.197116,0.0,False,0.0,0.0,9,57,597,5,24.0,0.0
20260822T085927Z-moving-6809face,2026-08-22T09:58:47.572054+00:00,96633,TL35 / Mumbai CSMT - Titvala Slow Local,EMU,Local,2026-08-22,TNA,KLVA,19.1916236,72.9884796,0.6041666666666652,24,2026-08-22T15:01:00+05:30,2026-08-22T15:01:00+05:30,2026-08-22T15:01:00+05:30,2026-08-22T15:01:00+05:30,2.0,departed,STATIONARY,33.3,1.45,23.0,24.0,0.0,59.901966,0.0,False,0.0,0.0,9,58,598,5,24.0,0.0
20260822T085927Z-moving-6809face,2026-08-22T09:17:41.269161+00:00,97093,K75 / Mumbai CSMT - Kalyan Slow Local,EMU,Local,2026-08-22,SION,CLA,19.0536384,72.869461,0.3777777777777779,11,2026-08-22T14:35:00+05:30,2026-08-22T14:35:00+05:30,2026-08-22T14:34:00+05:30,2026-08-22T14:35:00+05:30,,departed,MOVING,12.9,1.02,12.0,,,,,False,,,9,17,557,5,11.0,0.0
20260822T085927Z-moving-6809face,2026-08-22T09:18:41.256132+00:00,97093,K75 / Mumbai CSMT - Kalyan Slow Local,EMU,Local,2026-08-22,SION,CLA,19.0572204,72.8725509,0.5666666666666669,11,2026-08-22T14:35:00+05:30,2026-08-22T14:35:00+05:30,2026-08-22T14:34:00+05:30,2026-08-22T14:35:00+05:30,,departed,MOVING,12.9,1.53,12.0,11.0,0.0,59.986971,0.0,False,0.0,0.0,9,18,558,5,11.0,0.0
20260822T085927Z-moving-6809face,2026-08-22T09:19:41.306797+00:00,97093,K75 / Mumbai CSMT - Kalyan Slow Local,EMU,Local,2026-08-22,SION,CLA,19.0572204,72.8725509,0.5666666666666669,11,2026-08-22T14:35:00+05:30,2026-08-22T14:35:00+05:30,2026-08-22T14:34:00+05:30,2026-08-22T14:35:00+05:30,,departed,STATIONARY,12.9,1.53,12.0,11.0,0.0,60.050665,0.0,False,0.0,0.0,9,19,559,5,11.0,0.0
20260822T085927Z-moving-6809face,2026-08-22T09:20:41.262347+00:00,97093,K75 / Mumbai CSMT - Kalyan Slow Local,EMU,Local,2026-08-22,SION,CLA,19.0572204,72.8725509,0.5666666666666669,11,2026-08-22T14:35:00+05:30,2026-08-22T14:35:00+05:30,2026-08-22T14:34:00+05:30,2026-08-22T14:35:00+05:30,,departed,STATIONARY,12.9,1.53,12.0,11.0,0.0,59.95555,0.0,False,0.0,0.0,9,20,560,5,11.0,0.0
20260822T085927Z-moving-6809face,2026-08-22T09:21:41.311873+00:00,97093,K75 / Mumbai CSMT - Kalyan Slow Local,EMU,Local,2026-08-22,CLA,VVH,19.0651493,72.8794021,0.4684684684684685,11,2026-08-22T14:39:00+05:30,2026-08-22T14:39:00+05:30,2026-08-22T14:38:00+05:30,2026-08-22T14:39:00+05:30,1.0,at-station,MOVING,15.6,0.0,13.0,11.0,0.0,60.049526,2.6999999999999993,True,1.0,161.8663900860766,9,21,561,5,12.0,1.0
20260822T085927Z-moving-6809face,2026-08-22T09:22:41.335813+00:00,97093,K75 / Mumbai CSMT - Kalyan Slow Local,EMU,Local,2026-08-22,VVH,GC,19.0790939,72.8972625,0.5435435435435436,12,2026-08-22T14:42:00+05:30,2026-08-22T14:42:00+05:30,2026-08-22T14:43:00+05:30,2026-08-22T14:42:00+05:30,1.0,at-station,MOVING,18.1,0.0,15.0,11.0,1.0,60.02394,2.5000000000000018,True,2.0,149.94017387062573,9,22,562,5,10.0,-2.0
20260822T085927Z-moving-6809face,2026-08-22T09:23:41.315964+00:00,97093,K75 / Mumbai CSMT - Kalyan Slow Local,EMU,Local,2026-08-22,VVH,GC,19.0790939,72.8972625,0.5435435435435436,10,2026-08-22T14:42:00+05:30,2026-08-22T14:42:00+05:30,2026-08-22T14:43:00+05:30,2026-08-22T14:42:00+05:30,1.0,at-station,STATIONARY,18.1,0.0,15.0,12.0,-2.0,59.980151,0.0,False,0.0,0.0,9,23,563,5,13.0,3.0
20260822T085927Z-moving-6809face,2026-08-22T09:24:41.421707+00:00,97093,K75 / Mumbai CSMT - Kalyan Slow Local,EMU,Local,2026-08-22,CLA,VVH,19.0651493,72.8794021,0.4684684684684685,13,2026-08-22T14:39:00+05:30,2026-08-22T14:39:00+05:30,2026-08-22T14:38:00+05:30,2026-08-22T14:39:00+05:30,1.0,at-station,MOVING,15.6,0.0,13.0,10.0,3.0,60.105743,-2.5000000000000018,True,-2.0,,9,24,564,5,10.0,-3.0
20260822T085927Z-moving-6809face,2026-08-22T09:25:41.343595+00:00,97093,K75 / Mumbai CSMT - Kalyan Slow Local,EMU,Local,2026-08-22,GC,VK,19.0855998,72.9081192,0.5825825825825826,10,2026-08-22T14:45:00+05:30,2026-08-22T14:45:00+05:30,2026-08-22T14:46:00+05:30,2026-08-22T14:45:00+05:30,1.0,at-station,MOVING,19.4,0.0,16.0,13.0,-3.0,59.921888,3.799999999999999,True,3.0,228.29721253108704,9,25,565,5,10.0,0.0
20260822T085927Z-moving-6809face,2026-08-22T09:26:41.346614+00:00,97093,K75 / Mumbai CSMT - Kalyan Slow Local,EMU,Local,2026-08-22,GC,VK,19.0855998,72.9081192,0.5825825825825826,10,2026-08-22T14:45:00+05:30,2026-08-22T14:45:00+05:30,2026-08-22T14:46:00+05:30,2026-08-22T14:45:00+05:30,1.0,at-station,STATIONARY,19.4,0.0,16.0,10.0,0.0,60.003019,0.0,False,0.0,0.0,9,26,566,5,10.0,0.0
20260822T085927Z-moving-6809face,2026-08-22T09:27:41.248717+00:00,97093,K75 / Mumbai CSMT - Kalyan Slow Local,EMU,Local,2026-08-22,GC,VK,19.0855998,72.9081192,0.5825825825825826,10,2026-08-22T14:45:00+05:30,2026-08-22T14:45:00+05:30,2026-08-22T14:46:00+05:30,2026-08-22T14:45:00+05:30,1.0,at-station,STATIONARY,19.4,0.0,16.0,10.0,0.0,59.902103,0.0,False,0.0,0.0,9,27,567,5,10.0,0.0
20260822T085927Z-moving-6809face,2026-08-22T09:28:41.316747+00:00,97093,K75 / Mumbai CSMT - Kalyan Slow Local,EMU,Local,2026-08-22,GC,VK,19.0855998,72.9081192,0.5825825825825826,10,2026-08-22T14:45:00+05:30,2026-08-22T14:45:00+05:30,2026-08-22T14:46:00+05:30,2026-08-22T14:45:00+05:30,1.0,at-station,STATIONARY,19.4,0.0,16.0,10.0,0.0,60.06803,0.0,False,0.0,0.0,9,28,568,5,10.0,0.0
20260822T085927Z-moving-6809face,2026-08-22T09:29:41.308861+00:00,97093,K75 / Mumbai CSMT - Kalyan Slow Local,EMU,Local,2026-08-22,GC,VK,19.0855998,72.9081192,0.5825825825825826,10,2026-08-22T14:45:00+05:30,2026-08-22T14:45:00+05:30,2026-08-22T14:46:00+05:30,2026-08-22T14:45:00+05:30,1.0,at-station,STATIONARY,19.4,0.0,16.0,10.0,0.0,59.992114,0.0,False,0.0,0.0,9,29,569,5,12.0,2.0
20260822T085927Z-moving-6809face,2026-08-22T09:31:41.262149+00:00,97093,K75 / Mumbai CSMT - Kalyan Slow Local,EMU,Local,2026-08-22,VK,KJRD,19.1180343,72.9283905,0.6936936936936938,12,2026-08-22T14:49:00+05:30,2026-08-22T14:49:00+05:30,2026-08-22T14:48:00+05:30,2026-08-22T14:49:00+05:30,1.0,at-station,MOVING,23.1,0.0,17.0,10.0,2.0,119.953288,3.700000000000003,True,1.0,111.04322542621766,9,31,571,5,12.0,0.0
20260822T085927Z-moving-6809face,2026-08-22T09:32:41.278595+00:00,97093,K75 / Mumbai CSMT - Kalyan Slow Local,EMU,Local,2026-08-22,VK,KJRD,19.1180343,72.9283905,0.6936936936936938,12,2026-08-22T14:49:00+05:30,2026-08-22T14:49:00+05:30,2026-08-22T14:48:00+05:30,2026-08-22T14:49:00+05:30,1.0,at-station,STATIONARY,23.1,0.0,17.0,12.0,0.0,60.016446,0.0,False,0.0,0.0,9,32,572,5,12.0,0.0
20260822T085927Z-moving-6809face,2026-08-22T09:33:41.313766+00:00,97093,K75 / Mumbai CSMT - Kalyan Slow Local,EMU,Local,2026-08-22,VK,KJRD,19.1180343,72.9283905,0.6936936936936938,12,2026-08-22T14:49:00+05:30,2026-08-22T14:49:00+05:30,2026-08-22T14:48:00+05:30,2026-08-22T14:49:00+05:30,1.0,at-station,STATIONARY,23.1,0.0,17.0,12.0,0.0,60.035171,0.0,False,0.0,0.0,9,33,573,5,16.0,4.0
20260822T085927Z-moving-6809face,2026-08-22T09:34:41.399599+00:00,97093,K75 / Mumbai CSMT - Kalyan Slow Local,EMU,Local,2026-08-22,GC,VK,19.0855998,72.9081192,0.5825825825825826,16,2026-08-22T14:45:00+05:30,2026-08-22T14:45:00+05:30,2026-08-22T14:46:00+05:30,2026-08-22T14:45:00+05:30,1.0,at-station,MOVING,19.4,0.0,16.0,12.0,4.0,60.085833,-3.700000000000003,True,-1.0,,9,34,574,5,13.0,-3.0
20260822T085927Z-moving-6809face,2026-08-22T09:35:41.266437+00:00,97093,K75 / Mumbai CSMT - Kalyan Slow Local,EMU,Local,2026-08-22,KJRD,BND,19.1362934,72.9337463,0.5777777777777776,13,2026-08-22T14:52:00+05:30,2026-08-22T14:52:00+05:30,2026-08-22T14:51:00+05:30,2026-08-22T14:53:00+05:30,1.0,departed,MOVING,25.0,1.04,18.0,16.0,-3.0,59.866838,5.600000000000001,True,2.0,336.7473658789196,9,35,575,5,11.0,-2.0
20260822T085927Z-moving-6809face,2026-08-22T09:36:41.384846+00:00,97093,K75 / Mumbai CSMT - Kalyan Slow Local,EMU,Local,2026-08-22,KJRD,BND,19.1362934,72.9337463,0.5777777777777776,11,2026-08-22T14:52:00+05:30,2026-08-22T14:52:00+05:30,2026-08-22T14:51:00+05:30,2026-08-22T14:53:00+05:30,1.0,departed,STATIONARY,25.0,1.04,18.0,13.0,-2.0,60.118409,0.0,False,0.0,0.0,9,36,576,5,11.0,0.0
20260822T085927Z-moving-6809face,2026-08-22T09:37:41.310260+00:00,97093,K75 / Mumbai CSMT - Kalyan Slow Local,EMU,Local,2026-08-22,KJRD,BND,19.1362934,72.9337463,0.5777777777777776,11,2026-08-22T14:52:00+05:30,2026-08-22T14:52:00+05:30,2026-08-22T14:51:00+05:30,2026-08-22T14:53:00+05:30,1.0,departed,STATIONARY,25.0,1.04,18.0,11.0,0.0,59.925414,0.0,False,0.0,0.0,9,37,577,5,11.0,0.0
20260822T085927Z-moving-6809face,2026-08-22T09:38:41.357138+00:00,97093,K75 / Mumbai CSMT - Kalyan Slow Local,EMU,Local,2026-08-22,BND,NHU,19.1500205,72.9435043,0.5941176470588238,11,2026-08-22T14:55:00+05:30,2026-08-22T14:55:00+05:30,2026-08-22T14:56:00+05:30,2026-08-22T14:56:00+05:30,1.0,departed,MOVING,26.8,1.01,19.0,11.0,0.0,60.046878,1.8000000000000007,True,1.0,107.91568547493847,9,38,578,5,11.0,0.0
20260822T085927Z-moving-6809face,2026-08-22T09:39:41.318213+00:00,97093,K75 / Mumbai CSMT - Kalyan Slow Local,EMU,Local,2026-08-22,BND,NHU,19.1500205,72.9435043,0.5941176470588238,11,2026-08-22T14:55:00+05:30,2026-08-22T14:55:00+05:30,2026-08-22T14:56:00+05:30,2026-08-22T14:56:00+05:30,1.0,departed,STATIONARY,26.8,1.01,19.0,11.0,0.0,59.961075,0.0,False,0.0,0.0,9,39,579,5,11.0,0.0
20260822T085927Z-moving-6809face,2026-08-22T09:40:41.361919+00:00,97093,K75 / Mumbai CSMT - Kalyan Slow Local,EMU,Local,2026-08-22,BND,NHU,19.1500205,72.9435043,0.5941176470588238,11,2026-08-22T14:55:00+05:30,2026-08-22T14:55:00+05:30,2026-08-22T14:56:00+05:30,2026-08-22T14:56:00+05:30,1.0,departed,STATIONARY,26.8,1.01,19.0,11.0,0.0,60.043706,0.0,False,0.0,0.0,9,40,580,5,11.0,0.0
20260822T085927Z-moving-6809face,2026-08-22T09:41:41.423866+00:00,97093,K75 / Mumbai CSMT - Kalyan Slow Local,EMU,Local,2026-08-22,BND,NHU,19.1500205,72.9435043,0.5941176470588238,11,2026-08-22T14:55:00+05:30,2026-08-22T14:55:00+05:30,2026-08-22T14:56:00+05:30,2026-08-22T14:56:00+05:30,1.0,departed,STATIONARY,26.8,1.01,19.0,11.0,0.0,60.061947,0.0,False,0.0,0.0,9,41,581,5,10.0,-1.0
20260822T085927Z-moving-6809face,2026-08-22T09:50:41.379708+00:00,97093,K75 / Mumbai CSMT - Kalyan Slow Local,EMU,Local,2026-08-22,KLVA,MBQ,19.19528,72.9966964,,10,2026-08-22T15:10:00+05:30,2026-08-22T15:10:00+05:30,2026-08-22T15:09:00+05:30,2026-08-22T15:10:00+05:30,1.0,at-station,MOVING,35.7,0.0,24.0,11.0,-1.0,539.955842,8.900000000000002,True,5.0,59.33818565852282,9,50,590,5,10.0,0.0
20260822T085927Z-moving-6809face,2026-08-22T09:51:41.292192+00:00,97093,K75 / Mumbai CSMT - Kalyan Slow Local,EMU,Local,2026-08-22,KLVA,MBQ,19.19528,72.9966964,,10,2026-08-22T15:10:00+05:30,2026-08-22T15:10:00+05:30,2026-08-22T15:09:00+05:30,2026-08-22T15:10:00+05:30,1.0,at-station,STATIONARY,35.7,0.0,24.0,10.0,0.0,59.912484,0.0,False,0.0,0.0,9,51,591,5,10.0,0.0
20260822T085927Z-moving-6809face,2026-08-22T09:52:41.434797+00:00,97093,K75 / Mumbai CSMT - Kalyan Slow Local,EMU,Local,2026-08-22,KLVA,MBQ,19.19528,72.9966964,,10,2026-08-22T15:10:00+05:30,2026-08-22T15:10:00+05:30,2026-08-22T15:09:00+05:30,2026-08-22T15:10:00+05:30,1.0,at-station,STATIONARY,35.7,0.0,24.0,10.0,0.0,60.142605,0.0,False,0.0,0.0,9,52,592,5,10.0,0.0
20260822T085927Z-moving-6809face,2026-08-22T09:11:29.093122+00:00,97095,K79 / Mumbai CSMT - Kalyan Slow Local,EMU,Local,2026-08-22,DR,MTN,19.016071,72.84219,0.2702702702702703,2,2026-08-22T14:38:00+05:30,2026-08-22T14:38:00+05:30,2026-08-22T14:38:00+05:30,2026-08-22T14:38:00+05:30,,at-station,MOVING,9.0,0.0,10.0,,,,,False,,,9,11,551,5,0.0,-2.0
20260822T085927Z-moving-6809face,2026-08-22T09:12:29.030293+00:00,97095,K79 / Mumbai CSMT - Kalyan Slow Local,EMU,Local,2026-08-22,DR,MTN,19.016071,72.84219,0.2702702702702703,0,2026-08-22T14:38:00+05:30,2026-08-22T14:38:00+05:30,2026-08-22T14:38:00+05:30,2026-08-22T14:42:00+05:30,,at-station,STATIONARY,9.0,0.0,10.0,2.0,-2.0,59.937171,0.0,False,0.0,0.0,9,12,552,5,0.0,0.0
20260822T085927Z-moving-6809face,2026-08-22T09:13:29.198410+00:00,97095,K79 / Mumbai CSMT - Kalyan Slow Local,EMU,Local,2026-08-22,SION,CLA,19.0522747,72.8682785,0.3873873873873874,0,2026-08-22T14:44:00+05:30,2026-08-22T14:44:00+05:30,2026-08-22T14:43:38+05:30,2026-08-22T14:44:00+05:30,,at-station,MOVING,12.9,0.0,12.0,0.0,0.0,60.168117,3.9000000000000004,True,2.0,233.3461756830449,9,13,553,5,0.0,0.0
20260822T085927Z-moving-6809face,2026-08-22T09:14:28.967654+00:00,97095,K79 / Mumbai CSMT - Kalyan Slow Local,EMU,Local,2026-08-22,SION,CLA,19.0522747,72.8682785,0.3873873873873874,0,2026-08-22T14:44:00+05:30,2026-08-22T14:44:00+05:30,2026-08-22T14:43:38+05:30,2026-08-22T14:44:00+05:30,,at-station,STATIONARY,12.9,0.0,12.0,0.0,0.0,59.769244,0.0,False,0.0,0.0,9,14,554,5,0.0,0.0
20260822T085927Z-moving-6809face,2026-08-22T09:15:29.088765+00:00,97095,K79 / Mumbai CSMT - Kalyan Slow Local,EMU,Local,2026-08-22,SION,CLA,19.0522747,72.8682785,0.3873873873873874,0,2026-08-22T14:44:00+05:30,2026-08-22T14:44:00+05:30,2026-08-22T14:43:38+05:30,2026-08-22T14:45:00+05:30,,at-station,STATIONARY,12.9,0.0,12.0,0.0,0.0,60.121111,0.0,False,0.0,0.0,9,15,555,5,0.0,0.0
20260822T085927Z-moving-6809face,2026-08-22T09:16:29.142845+00:00,97095,K79 / Mumbai CSMT - Kalyan Slow Local,EMU,Local,2026-08-22,SION,CLA,19.0522747,72.8682785,0.3873873873873874,0,2026-08-22T14:44:00+05:30,2026-08-22T14:44:00+05:30,2026-08-22T14:43:38+05:30,2026-08-22T14:46:00+05:30,,at-station,STATIONARY,12.9,0.0,12.0,0.0,0.0,60.05408,0.0,False,0.0,0.0,9,16,556,5,0.0,0.0
20260822T085927Z-moving-6809face,2026-08-22T09:17:28.979202+00:00,97095,K79 / Mumbai CSMT - Kalyan Slow Local,EMU,Local,2026-08-22,SION,CLA,19.0522747,72.8682785,0.3873873873873874,0,2026-08-22T14:44:00+05:30,2026-08-22T14:44:00+05:30,2026-08-22T14:43:38+05:30,2026-08-22T14:47:00+05:30,,at-station,STATIONARY,12.9,0.0,12.0,0.0,0.0,59.836357,0.0,False,0.0,0.0,9,17,557,5,0.0,0.0
20260822T085927Z-moving-6809face,2026-08-22T09:18:29.102743+00:00,97095,K79 / Mumbai CSMT - Kalyan Slow Local,EMU,Local,2026-08-22,SION,CLA,19.0516853,72.8677749,0.3873873873873874,0,2026-08-22T14:44:00+05:30,2026-08-22T14:44:00+05:30,2026-08-22T14:43:38+05:30,2026-08-22T14:48:00+05:30,,at-station,MOVING,12.9,0.0,12.0,0.0,0.0,60.123541,0.0,False,0.0,0.0,9,18,558,5,0.0,0.0
20260822T085927Z-moving-6809face,2026-08-22T09:19:28.996060+00:00,97095,K79 / Mumbai CSMT - Kalyan Slow Local,EMU,Local,2026-08-22,SION,CLA,19.0516853,72.8677749,0.3873873873873874,0,2026-08-22T14:44:00+05:30,2026-08-22T14:44:00+05:30,2026-08-22T14:43:38+05:30,2026-08-22T14:49:00+05:30,,at-station,STATIONARY,12.9,0.0,12.0,0.0,0.0,59.893317,0.0,False,0.0,0.0,9,19,559,5,3.0,3.0
20260822T085927Z-moving-6809face,2026-08-22T09:20:29.096958+00:00,97095,K79 / Mumbai CSMT - Kalyan Slow Local,EMU,Local,2026-08-22,SION,CLA,19.0516853,72.8677749,0.3873873873873874,3,2026-08-22T14:44:00+05:30,2026-08-22T14:44:00+05:30,2026-08-22T14:43:38+05:30,2026-08-22T14:50:00+05:30,,at-station,STATIONARY,12.9,0.0,12.0,0.0,3.0,60.100898,0.0,False,0.0,0.0,9,20,560,5,0.0,-3.0
20260822T085927Z-moving-6809face,2026-08-22T09:21:28.972557+00:00,97095,K79 / Mumbai CSMT - Kalyan Slow Local,EMU,Local,2026-08-22,SION,CLA,19.0516853,72.8677749,0.3873873873873874,0,2026-08-22T14:44:00+05:30,2026-08-22T14:44:00+05:30,2026-08-22T14:43:38+05:30,2026-08-22T14:51:00+05:30,,at-station,STATIONARY,12.9,0.0,12.0,3.0,-3.0,59.875599,0.0,False,0.0,0.0,9,21,561,5,3.0,3.0
20260822T085927Z-moving-6809face,2026-08-22T09:22:29.548535+00:00,97095,K79 / Mumbai CSMT - Kalyan Slow Local,EMU,Local,2026-08-22,CLA,VVH,19.0651493,72.8794021,0.4684684684684685,3,2026-08-22T14:48:00+05:30,2026-08-22T14:48:00+05:30,2026-08-22T14:47:19+05:30,2026-08-22T14:52:00+05:30,1.0,at-station,MOVING,15.6,0.0,13.0,0.0,3.0,60.575978,2.6999999999999993,True,1.0,160.4596462313823,9,22,562,5,3.0,0.0
20260822T085927Z-moving-6809face,2026-08-22T09:23:29.176062+00:00,97095,K79 / Mumbai CSMT - Kalyan Slow Local,EMU,Local,2026-08-22,CLA,VVH,19.0651493,72.8794021,0.4684684684684685,3,2026-08-22T14:48:00+05:30,2026-08-22T14:48:00+05:30,2026-08-22T14:47:19+05:30,2026-08-22T14:53:00+05:30,1.0,at-station,STATIONARY,15.6,0.0,13.0,3.0,0.0,59.627527,0.0,False,0.0,0.0,9,23,563,5,3.0,0.0
20260822T085927Z-moving-6809face,2026-08-22T09:24:29.201946+00:00,97095,K79 / Mumbai CSMT - Kalyan Slow Local,EMU,Local,2026-08-22,CLA,VVH,19.0651493,72.8794021,0.4684684684684685,3,2026-08-22T14:48:00+05:30,2026-08-22T14:48:00+05:30,2026-08-22T14:47:19+05:30,2026-08-22T14:54:00+05:30,1.0,at-station,STATIONARY,15.6,0.0,13.0,3.0,0.0,60.025884,0.0,False,0.0,0.0,9,24,564,5,-1.0,-4.0
20260822T085927Z-moving-6809face,2026-08-22T09:25:29.011965+00:00,97095,K79 / Mumbai CSMT - Kalyan Slow Local,EMU,Local,2026-08-22,CLA,VVH,19.0651493,72.8794021,0.4684684684684685,-1,2026-08-22T14:48:00+05:30,2026-08-22T14:48:00+05:30,2026-08-22T14:47:19+05:30,2026-08-22T14:55:00+05:30,1.0,at-station,STATIONARY,15.6,0.0,13.0,3.0,-4.0,59.810019,0.0,False,0.0,0.0,9,25,565,5,2.0,3.0
20260822T085927Z-moving-6809face,2026-08-22T09:26:29.254681+00:00,97095,K79 / Mumbai CSMT - Kalyan Slow Local,EMU,Local,2026-08-22,GC,VK,19.0855998,72.9081192,0.5825825825825826,2,2026-08-22T14:54:00+05:30,2026-08-22T14:54:00+05:30,2026-08-22T14:54:41+05:30,2026-08-22T14:56:00+05:30,1.0,at-station,MOVING,19.4,0.0,16.0,-1.0,3.0,60.242716,3.799999999999999,True,3.0,227.08139520137166,9,26,566,5,2.0,0.0
20260822T085927Z-moving-6809face,2026-08-22T09:27:29.114336+00:00,97095,K79 / Mumbai CSMT - Kalyan Slow Local,EMU,Local,2026-08-22,GC,VK,19.0855998,72.9081192,0.5825825825825826,2,2026-08-22T14:54:00+05:30,2026-08-22T14:54:00+05:30,2026-08-22T14:54:41+05:30,2026-08-22T14:57:00+05:30,1.0,at-station,STATIONARY,19.4,0.0,16.0,2.0,0.0,59.859655,0.0,False,0.0,0.0,9,27,567,5,1.0,-1.0
20260822T085927Z-moving-6809face,2026-08-22T09:28:28.975230+00:00,97095,K79 / Mumbai CSMT - Kalyan Slow Local,EMU,Local,2026-08-22,GC,VK,19.0855998,72.9081192,0.5825825825825826,1,2026-08-22T14:54:00+05:30,2026-08-22T14:54:00+05:30,2026-08-22T14:54:41+05:30,2026-08-22T14:58:00+05:30,1.0,at-station,STATIONARY,19.4,0.0,16.0,2.0,-1.0,59.860894,0.0,False,0.0,0.0,9,28,568,5,2.0,1.0
20260822T085927Z-moving-6809face,2026-08-22T09:29:29.250177+00:00,97095,K79 / Mumbai CSMT - Kalyan Slow Local,EMU,Local,2026-08-22,GC,VK,19.0855998,72.9081192,0.5825825825825826,2,2026-08-22T14:54:00+05:30,2026-08-22T14:54:00+05:30,2026-08-22T14:54:41+05:30,2026-08-22T14:59:00+05:30,1.0,at-station,STATIONARY,19.4,0.0,16.0,1.0,1.0,60.274947,0.0,False,0.0,0.0,9,29,569,5,1.0,-1.0
20260822T085927Z-moving-6809face,2026-08-22T09:30:28.986461+00:00,97095,K79 / Mumbai CSMT - Kalyan Slow Local,EMU,Local,2026-08-22,GC,VK,19.0855998,72.9081192,0.5825825825825826,1,2026-08-22T14:54:00+05:30,2026-08-22T14:54:00+05:30,2026-08-22T14:54:41+05:30,2026-08-22T15:00:00+05:30,1.0,at-station,STATIONARY,19.4,0.0,16.0,2.0,-1.0,59.736284,0.0,False,0.0,0.0,9,30,570,5,2.0,1.0
20260822T085927Z-moving-6809face,2026-08-22T09:31:29.085462+00:00,97095,K79 / Mumbai CSMT - Kalyan Slow Local,EMU,Local,2026-08-22,VK,KJRD,19.1119403,72.9284667,0.6936936936936938,2,2026-08-22T14:58:00+05:30,2026-08-22T14:58:00+05:30,2026-08-22T14:58:28+05:30,2026-08-22T15:01:00+05:30,1.0,at-station,MOVING,23.1,0.0,17.0,1.0,1.0,60.099001,3.700000000000003,True,1.0,221.63429971157106,9,31,571,5,0.0,-2.0
20260822T085927Z-moving-6809face,2026-08-22T09:32:28.992813+00:00,97095,K79 / Mumbai CSMT - Kalyan Slow Local,EMU,Local,2026-08-22,VK,KJRD,19.1119403,72.9284667,0.6936936936936938,0,2026-08-22T14:58:00+05:30,2026-08-22T14:58:00+05:30,2026-08-22T14:58:28+05:30,2026-08-22T15:02:00+05:30,1.0,at-station,STATIONARY,23.1,0.0,17.0,2.0,-2.0,59.907351,0.0,False,0.0,0.0,9,32,572,5,3.0,3.0
20260822T085927Z-moving-6809face,2026-08-22T09:33:29.072698+00:00,97095,K79 / Mumbai CSMT - Kalyan Slow Local,EMU,Local,2026-08-22,VK,KJRD,19.1119403,72.9284667,0.6936936936936938,3,2026-08-22T14:58:00+05:30,2026-08-22T14:58:00+05:30,2026-08-22T14:58:28+05:30,2026-08-22T15:03:00+05:30,1.0,at-station,STATIONARY,23.1,0.0,17.0,0.0,3.0,60.079885,0.0,False,0.0,0.0,9,33,573,5,0.0,-3.0
20260822T085927Z-moving-6809face,2026-08-22T09:34:28.974240+00:00,97095,K79 / Mumbai CSMT - Kalyan Slow Local,EMU,Local,2026-08-22,VK,KJRD,19.1119403,72.9284667,0.6936936936936938,0,2026-08-22T14:58:00+05:30,2026-08-22T14:58:00+05:30,2026-08-22T14:58:28+05:30,2026-08-22T15:04:00+05:30,1.0,at-station,STATIONARY,23.1,0.0,17.0,3.0,-3.0,59.901542,0.0,False,0.0,0.0,9,34,574,5,2.0,2.0
20260822T085927Z-moving-6809face,2026-08-22T09:35:29.223149+00:00,97095,K79 / Mumbai CSMT - Kalyan Slow Local,EMU,Local,2026-08-22,KJRD,BND,19.1281509,72.9282531,0.7507507507507508,2,2026-08-22T15:01:00+05:30,2026-08-22T15:01:00+05:30,2026-08-22T15:04:21+05:30,2026-08-22T15:05:00+05:30,1.0,at-station,MOVING,25.0,0.0,18.0,0.0,2.0,60.248909,1.8999999999999986,True,1.0,113.52902672478261,9,35,575,5,3.0,1.0
20260822T085927Z-moving-6809face,2026-08-22T09:36:28.991493+00:00,97095,K79 / Mumbai CSMT - Kalyan Slow Local,EMU,Local,2026-08-22,KJRD,BND,19.1281509,72.9282531,0.7507507507507508,3,2026-08-22T15:01:00+05:30,2026-08-22T15:01:00+05:30,2026-08-22T15:04:21+05:30,2026-08-22T15:06:00+05:30,1.0,at-station,STATIONARY,25.0,0.0,18.0,2.0,1.0,59.768344,0.0,False,0.0,0.0,9,36,576,5,2.0,-1.0
20260822T085927Z-moving-6809face,2026-08-22T09:37:29.065665+00:00,97095,K79 / Mumbai CSMT - Kalyan Slow Local,EMU,Local,2026-08-22,BND,NHU,19.1422805,72.9377899,0.8048048048048049,2,2026-08-22T15:04:00+05:30,2026-08-22T15:04:00+05:30,2026-08-22T15:04:54+05:30,2026-08-22T15:07:00+05:30,1.0,at-station,MOVING,26.8,0.0,19.0,3.0,-1.0,60.074172,1.8000000000000007,True,1.0,107.86665524079137,9,37,577,5,2.0,0.0
20260822T085927Z-moving-6809face,2026-08-22T09:38:29.146330+00:00,97095,K79 / Mumbai CSMT - Kalyan Slow Local,EMU,Local,2026-08-22,BND,NHU,19.1422805,72.9377899,0.8048048048048049,2,2026-08-22T15:04:00+05:30,2026-08-22T15:04:00+05:30,2026-08-22T15:04:54+05:30,2026-08-22T15:08:00+05:30,1.0,at-station,STATIONARY,26.8,0.0,19.0,2.0,0.0,60.080665,0.0,False,0.0,0.0,9,38,578,5,1.0,-1.0
20260822T085927Z-moving-6809face,2026-08-22T09:39:29.015964+00:00,97095,K79 / Mumbai CSMT - Kalyan Slow Local,EMU,Local,2026-08-22,BND,NHU,19.1422805,72.9377899,0.8048048048048049,1,2026-08-22T15:04:00+05:30,2026-08-22T15:04:00+05:30,2026-08-22T15:04:54+05:30,2026-08-22T15:09:00+05:30,1.0,at-station,STATIONARY,26.8,0.0,19.0,2.0,-1.0,59.869634,0.0,False,0.0,0.0,9,39,579,5,3.0,2.0
20260822T085927Z-moving-6809face,2026-08-22T09:40:29.233924+00:00,97095,K79 / Mumbai CSMT - Kalyan Slow Local,EMU,Local,2026-08-22,BND,NHU,19.1500205,72.9435043,0.5941176470588238,3,2026-08-22T15:04:00+05:30,2026-08-22T15:04:00+05:30,2026-08-22T15:04:54+05:30,2026-08-22T15:06:30+05:30,1.0,departed,MOVING,26.8,1.01,19.0,1.0,2.0,60.21796,0.0,False,0.0,0.0,9,40,580,5,2.0,-1.0
20260822T085927Z-moving-6809face,2026-08-22T09:41:29.101112+00:00,97095,K79 / Mumbai CSMT - Kalyan Slow Local,EMU,Local,2026-08-22,CRNM,MLND,19.1637897,72.9509887,0.891891891891892,2,2026-08-22T15:09:00+05:30,2026-08-22T15:09:00+05:30,2026-08-22T15:11:08+05:30,2026-08-22T15:11:00+05:30,,at-station,MOVING,29.7,0.0,21.0,3.0,-1.0,59.867188,2.8999999999999986,True,2.0,174.38600924432922,9,41,581,5,2.0,0.0
20260822T085927Z-moving-6809face,2026-08-22T09:42:28.977625+00:00,97095,K79 / Mumbai CSMT - Kalyan Slow Local,EMU,Local,2026-08-22,CRNM,MLND,19.1637897,72.9509887,0.891891891891892,2,2026-08-22T15:09:00+05:30,2026-08-22T15:09:00+05:30,2026-08-22T15:11:08+05:30,2026-08-22T15:12:00+05:30,,at-station,STATIONARY,29.7,0.0,21.0,2.0,0.0,59.876513,0.0,False,0.0,0.0,9,42,582,5,2.0,0.0
20260822T085927Z-moving-6809face,2026-08-22T09:43:29.174807+00:00,97095,K79 / Mumbai CSMT - Kalyan Slow Local,EMU,Local,2026-08-22,MLND,TNA,19.17173,72.9566268,0.921921921921922,2,2026-08-22T15:10:00+05:30,2026-08-22T15:10:00+05:30,2026-08-22T15:13:07+05:30,2026-08-22T15:13:00+05:30,1.0,at-station,MOVING,30.7,0.0,22.0,2.0,0.0,60.197182,1.0,True,1.0,59.80346388972162,9,43,583,5,3.0,1.0
20260822T085927Z-moving-6809face,2026-08-22T09:44:28.987904+00:00,97095,K79 / Mumbai CSMT - Kalyan Slow Local,EMU,Local,2026-08-22,MLND,TNA,19.17173,72.9566268,0.921921921921922,3,2026-08-22T15:10:00+05:30,2026-08-22T15:10:00+05:30,2026-08-22T15:13:07+05:30,2026-08-22T15:14:00+05:30,1.0,at-station,STATIONARY,30.7,0.0,22.0,2.0,1.0,59.813097,0.0,False,0.0,0.0,9,44,584,5,3.0,0.0
20260822T085927Z-moving-6809face,2026-08-22T09:45:29.151185+00:00,97095,K79 / Mumbai CSMT - Kalyan Slow Local,EMU,Local,2026-08-22,MLND,TNA,19.17173,72.9566268,0.921921921921922,3,2026-08-22T15:10:00+05:30,2026-08-22T15:10:00+05:30,2026-08-22T15:13:07+05:30,2026-08-22T15:15:00+05:30,1.0,at-station,STATIONARY,30.7,0.0,22.0,3.0,0.0,60.163281,0.0,False,0.0,0.0,9,45,585,5,0.0,-3.0
20260822T085927Z-moving-6809face,2026-08-22T09:46:29.084949+00:00,97095,K79 / Mumbai CSMT - Kalyan Slow Local,EMU,Local,2026-08-22,TNA,KLVA,19.1861572,72.9761886,1.0,0,2026-08-22T15:15:00+05:30,2026-08-22T15:15:00+05:30,2026-08-22T15:15:41+05:30,2026-08-22T15:16:00+05:30,2.0,at-station,MOVING,33.3,0.0,23.0,3.0,-3.0,59.933764,2.599999999999998,True,1.0,156.17240392243664,9,46,586,5,0.0,0.0
20260822T085927Z-moving-6809face,2026-08-22T09:47:29.109940+00:00,97095,K79 / Mumbai CSMT - Kalyan Slow Local,EMU,Local,2026-08-22,TNA,KLVA,19.1861572,72.9761886,1.0,0,2026-08-22T15:15:00+05:30,2026-08-22T15:15:00+05:30,2026-08-22T15:15:41+05:30,2026-08-22T15:17:00+05:30,2.0,at-station,STATIONARY,33.3,0.0,23.0,0.0,0.0,60.024991,0.0,False,0.0,0.0,9,47,587,5,0.0,0.0
20260822T085927Z-moving-6809face,2026-08-22T09:48:29.222650+00:00,97095,K79 / Mumbai CSMT - Kalyan Slow Local,EMU,Local,2026-08-22,TNA,KLVA,19.1861572,72.9761886,1.0,0,2026-08-22T15:15:00+05:30,2026-08-22T15:15:00+05:30,2026-08-22T15:15:41+05:30,2026-08-22T15:18:00+05:30,2.0,at-station,STATIONARY,33.3,0.0,23.0,0.0,0.0,60.11271,0.0,False,0.0,0.0,9,48,588,5,0.0,0.0
20260822T085927Z-moving-6809face,2026-08-22T09:49:29.129411+00:00,97095,K79 / Mumbai CSMT - Kalyan Slow Local,EMU,Local,2026-08-22,KLVA,MBQ,19.19528,72.9966964,,0,2026-08-22T15:20:00+05:30,2026-08-22T15:20:00+05:30,2026-08-22T15:19:00+05:30,2026-08-22T15:20:00+05:30,1.0,at-station,MOVING,35.7,0.0,24.0,0.0,0.0,59.906761,2.4000000000000057,True,1.0,144.22412188166908,9,49,589,5,0.0,0.0
20260822T085927Z-moving-6809face,2026-08-22T09:50:29.105889+00:00,97095,K79 / Mumbai CSMT - Kalyan Slow Local,EMU,Local,2026-08-22,KLVA,MBQ,19.19528,72.9966964,,0,2026-08-22T15:20:00+05:30,2026-08-22T15:20:00+05:30,2026-08-22T15:19:00+05:30,2026-08-22T15:20:00+05:30,1.0,at-station,STATIONARY,35.7,0.0,24.0,0.0,0.0,59.976478,0.0,False,0.0,0.0,9,50,590,5,0.0,0.0
20260822T085927Z-moving-6809face,2026-08-22T09:51:29.084808+00:00,97095,K79 / Mumbai CSMT - Kalyan Slow Local,EMU,Local,2026-08-22,KLVA,MBQ,19.19528,72.9966964,,0,2026-08-22T15:20:00+05:30,2026-08-22T15:20:00+05:30,2026-08-22T15:19:00+05:30,2026-08-22T15:21:00+05:30,1.0,at-station,STATIONARY,35.7,0.0,24.0,0.0,0.0,59.978919,0.0,False,0.0,0.0,9,51,591,5,-1.0,-1.0
20260822T085927Z-moving-6809face,2026-08-22T09:52:29.115465+00:00,97095,K79 / Mumbai CSMT - Kalyan Slow Local,EMU,Local,2026-08-22,KLVC,MBQ,19.1962814,73.0018844,,-1,2026-08-22T15:21:00+05:30,2026-08-22T15:21:00+05:30,2026-08-22T15:19:00+05:30,2026-08-22T15:22:00+05:30,,at-station,MOVING,36.1,0.0,25.0,0.0,-1.0,60.030657,0.3999999999999986,True,1.0,23.987743462477763,9,52,592,5,1.0,2.0
20260822T085927Z-moving-6809face,2026-08-22T09:53:29.204604+00:00,97095,K79 / Mumbai CSMT - Kalyan Slow Local,EMU,Local,2026-08-22,KLVC,MBQ,19.1962814,73.0018844,,1,2026-08-22T15:21:00+05:30,2026-08-22T15:21:00+05:30,2026-08-22T15:19:00+05:30,2026-08-22T15:23:00+05:30,,at-station,STATIONARY,36.1,0.0,25.0,-1.0,2.0,60.089139,0.0,False,0.0,0.0,9,53,593,5,0.0,-1.0
20260822T085927Z-moving-6809face,2026-08-22T09:54:29.086048+00:00,97095,K79 / Mumbai CSMT - Kalyan Slow Local,EMU,Local,2026-08-22,MBQ,DIVA,19.1901397,73.0231399,,0,2026-08-22T15:26:00+05:30,2026-08-22T15:26:00+05:30,2026-08-22T15:22:01+05:30,2026-08-22T15:26:00+05:30,1.0,at-station,MOVING,40.2,0.0,26.0,1.0,-1.0,59.881444,4.100000000000001,True,1.0,246.4870419624484,9,54,594,5,0.0,0.0
20260822T085927Z-moving-6809face,2026-08-22T09:55:29.116541+00:00,97095,K79 / Mumbai CSMT - Kalyan Slow Local,EMU,Local,2026-08-22,KLVC,MBQ,19.1962814,73.0018844,,0,2026-08-22T15:21:00+05:30,2026-08-22T15:21:00+05:30,2026-08-22T15:19:00+05:30,2026-08-22T15:25:00+05:30,,at-station,MOVING,36.1,0.0,25.0,0.0,0.0,60.030493,-4.100000000000001,True,-1.0,,9,55,595,5,3.0,3.0
20260822T085927Z-moving-6809face,2026-08-22T09:56:29.124922+00:00,97095,K79 / Mumbai CSMT - Kalyan Slow Local,EMU,Local,2026-08-22,KLVC,MBQ,19.1962814,73.0018844,,3,2026-08-22T15:21:00+05:30,2026-08-22T15:21:00+05:30,2026-08-22T15:19:00+05:30,2026-08-22T15:26:00+05:30,,at-station,STATIONARY,36.1,0.0,25.0,0.0,3.0,60.008381,0.0,False,0.0,0.0,9,56,596,5,3.0,0.0
20260822T085927Z-moving-6809face,2026-08-22T09:57:29.233865+00:00,97095,K79 / Mumbai CSMT - Kalyan Slow Local,EMU,Local,2026-08-22,KLVC,MBQ,19.1962814,73.0018844,,3,2026-08-22T15:21:00+05:30,2026-08-22T15:21:00+05:30,2026-08-22T15:19:00+05:30,2026-08-22T15:27:00+05:30,,at-station,STATIONARY,36.1,0.0,25.0,3.0,0.0,60.108943,0.0,False,0.0,0.0,9,57,597,5,0.0,-3.0
20260822T085927Z-moving-6809face,2026-08-22T09:58:29.242228+00:00,97095,K79 / Mumbai CSMT - Kalyan Slow Local,EMU,Local,2026-08-22,DIVA,KOPR,19.1886501,73.0424423,,0,2026-08-22T15:30:00+05:30,2026-08-22T15:30:00+05:30,2026-08-22T15:27:20+05:30,2026-08-22T15:30:00+05:30,1.0,at-station,MOVING,42.7,0.0,27.0,3.0,-3.0,60.008363,6.600000000000001,True,2.0,395.9448118923025,9,58,598,5,0.0,0.0
20260822T085927Z-moving-6809face,2026-08-22T09:03:53.452331+00:00,97231,DL25 / Mumbai CSMT - Dombivli Slow Local,EMU,Local,2026-08-22,GC,VK,19.085423,72.90798,0.5825825825825826,5,2026-08-22T14:28:00+05:30,2026-08-22T14:28:00+05:30,2026-08-22T14:29:00+05:30,2026-08-22T14:29:00+05:30,,at-station,MOVING,19.4,0.0,16.0,,,,,False,,,9,3,543,5,5.0,0.0
20260822T085927Z-moving-6809face,2026-08-22T09:04:53.460912+00:00,97231,DL25 / Mumbai CSMT - Dombivli Slow Local,EMU,Local,2026-08-22,GC,VK,19.085423,72.90798,0.5825825825825826,5,2026-08-22T14:28:00+05:30,2026-08-22T14:28:00+05:30,2026-08-22T14:29:00+05:30,2026-08-22T14:29:00+05:30,,at-station,STATIONARY,19.4,0.0,16.0,5.0,0.0,60.008581,0.0,False,0.0,0.0,9,4,544,5,5.0,0.0
20260822T085927Z-moving-6809face,2026-08-22T09:05:53.444756+00:00,97231,DL25 / Mumbai CSMT - Dombivli Slow Local,EMU,Local,2026-08-22,GC,VK,19.085423,72.90798,0.5825825825825826,5,2026-08-22T14:28:00+05:30,2026-08-22T14:28:00+05:30,2026-08-22T14:29:00+05:30,2026-08-22T14:29:00+05:30,,at-station,STATIONARY,19.4,0.0,16.0,5.0,0.0,59.983844,0.0,False,0.0,0.0,9,5,545,5,5.0,0.0
20260822T085927Z-moving-6809face,2026-08-22T09:06:53.507208+00:00,97231,DL25 / Mumbai CSMT - Dombivli Slow Local,EMU,Local,2026-08-22,GC,VK,19.085423,72.90798,0.5825825825825826,5,2026-08-22T14:28:00+05:30,2026-08-22T14:28:00+05:30,2026-08-22T14:29:00+05:30,2026-08-22T14:29:00+05:30,,at-station,STATIONARY,19.4,0.0,16.0,5.0,0.0,60.062452,0.0,False,0.0,0.0,9,6,546,5,0.0,-5.0
20260822T085927Z-moving-6809face,2026-08-22T09:07:53.468623+00:00,97231,DL25 / Mumbai CSMT - Dombivli Slow Local,EMU,Local,2026-08-22,KJRD,BND,19.1281509,72.9282531,0.7507507507507508,0,2026-08-22T14:35:00+05:30,2026-08-22T14:35:00+05:30,2026-08-22T14:36:00+05:30,2026-08-22T14:37:00+05:30,1.0,at-station,MOVING,25.0,0.0,18.0,5.0,-5.0,59.961415,5.600000000000001,True,2.0,336.21621504429146,9,7,547,5,2.0,2.0
20260822T085927Z-moving-6809face,2026-08-22T09:08:53.492722+00:00,97231,DL25 / Mumbai CSMT - Dombivli Slow Local,EMU,Local,2026-08-22,KJRD,BND,19.1281509,72.9282531,0.7507507507507508,2,2026-08-22T14:35:00+05:30,2026-08-22T14:35:00+05:30,2026-08-22T14:36:00+05:30,2026-08-22T14:38:00+05:30,1.0,at-station,STATIONARY,25.0,0.0,18.0,0.0,2.0,60.024099,0.0,False,0.0,0.0,9,8,548,5,-1.0,-3.0
20260822T085927Z-moving-6809face,2026-08-22T09:09:53.524643+00:00,97231,DL25 / Mumbai CSMT - Dombivli Slow Local,EMU,Local,2026-08-22,CRNM,MLND,19.1637897,72.9509887,0.8888888888888891,-1,2026-08-22T14:43:00+05:30,2026-08-22T14:43:00+05:30,2026-08-22T14:38:41+05:30,2026-08-22T14:43:00+05:30,,at-station,MOVING,29.6,0.0,21.0,2.0,-3.0,60.031921,4.600000000000001,True,3.0,275.8532414779798,9,9,549,5,-1.0,0.0
20260822T085927Z-moving-6809face,2026-08-22T09:10:53.450418+00:00,97231,DL25 / Mumbai CSMT - Dombivli Slow Local,EMU,Local,2026-08-22,CRNM,MLND,19.1637897,72.9509887,0.8888888888888891,-1,2026-08-22T14:43:00+05:30,2026-08-22T14:43:00+05:30,2026-08-22T14:38:41+05:30,2026-08-22T14:43:00+05:30,,at-station,STATIONARY,29.6,0.0,21.0,-1.0,0.0,59.925775,0.0,False,0.0,0.0,9,10,550,5,-1.0,0.0
20260822T085927Z-moving-6809face,2026-08-22T09:11:53.520088+00:00,97231,DL25 / Mumbai CSMT - Dombivli Slow Local,EMU,Local,2026-08-22,CRNM,MLND,19.1637897,72.9509887,0.8888888888888891,-1,2026-08-22T14:43:00+05:30,2026-08-22T14:43:00+05:30,2026-08-22T14:38:41+05:30,2026-08-22T14:43:00+05:30,,at-station,STATIONARY,29.6,0.0,21.0,-1.0,0.0,60.06967,0.0,False,0.0,0.0,9,11,551,5,-1.0,0.0
20260822T085927Z-moving-6809face,2026-08-22T09:12:53.520294+00:00,97231,DL25 / Mumbai CSMT - Dombivli Slow Local,EMU,Local,2026-08-22,CRNM,MLND,19.1637897,72.9509887,0.8888888888888891,-1,2026-08-22T14:43:00+05:30,2026-08-22T14:43:00+05:30,2026-08-22T14:38:41+05:30,2026-08-22T14:43:00+05:30,,at-station,STATIONARY,29.6,0.0,21.0,-1.0,0.0,60.000206,0.0,False,0.0,0.0,9,12,552,5,3.0,4.0
20260822T085927Z-moving-6809face,2026-08-22T09:13:53.561357+00:00,97231,DL25 / Mumbai CSMT - Dombivli Slow Local,EMU,Local,2026-08-22,BND,NHU,19.1422805,72.9377899,0.8048048048048049,3,2026-08-22T14:38:00+05:30,2026-08-22T14:38:00+05:30,2026-08-22T14:38:31+05:30,2026-08-22T14:38:31+05:30,1.0,at-station,MOVING,26.8,0.0,19.0,-1.0,4.0,60.041063,-2.8000000000000007,True,-2.0,,9,13,553,5,3.0,0.0
20260822T085927Z-moving-6809face,2026-08-22T09:14:53.577452+00:00,97231,DL25 / Mumbai CSMT - Dombivli Slow Local,EMU,Local,2026-08-22,BND,NHU,19.1422805,72.9377899,0.8048048048048049,3,2026-08-22T14:38:00+05:30,2026-08-22T14:38:00+05:30,2026-08-22T14:38:31+05:30,2026-08-22T14:38:31+05:30,1.0,at-station,STATIONARY,26.8,0.0,19.0,3.0,0.0,60.016095,0.0,False,0.0,0.0,9,14,554,5,5.0,2.0
20260822T085927Z-moving-6809face,2026-08-22T09:15:53.468363+00:00,97231,DL25 / Mumbai CSMT - Dombivli Slow Local,EMU,Local,2026-08-22,BND,NHU,19.1422805,72.9377899,0.8048048048048049,5,2026-08-22T14:38:00+05:30,2026-08-22T14:38:00+05:30,2026-08-22T14:38:31+05:30,2026-08-22T14:38:31+05:30,1.0,at-station,STATIONARY,26.8,0.0,19.0,3.0,2.0,59.890911,0.0,False,0.0,0.0,9,15,555,5,4.0,-1.0
20260822T085927Z-moving-6809face,2026-08-22T09:16:53.464817+00:00,97231,DL25 / Mumbai CSMT - Dombivli Slow Local,EMU,Local,2026-08-22,CRNM,MLND,19.1637897,72.9509887,0.8888888888888891,4,2026-08-22T14:43:00+05:30,2026-08-22T14:43:00+05:30,2026-08-22T14:38:41+05:30,2026-08-22T14:47:00+05:30,,at-station,MOVING,29.6,0.0,21.0,5.0,-1.0,59.996454,2.8000000000000007,True,2.0,168.00992938682683,9,16,556,5,4.0,0.0
20260822T085927Z-moving-6809face,2026-08-22T09:17:53.493953+00:00,97231,DL25 / Mumbai CSMT - Dombivli Slow Local,EMU,Local,2026-08-22,CRNM,MLND,19.1637897,72.9509887,0.8888888888888891,4,2026-08-22T14:43:00+05:30,2026-08-22T14:43:00+05:30,2026-08-22T14:38:41+05:30,2026-08-22T14:47:00+05:30,,at-station,STATIONARY,29.6,0.0,21.0,4.0,0.0,60.029136,0.0,False,0.0,0.0,9,17,557,5,3.0,-1.0
20260822T085927Z-moving-6809face,2026-08-22T09:18:53.464161+00:00,97231,DL25 / Mumbai CSMT - Dombivli Slow Local,EMU,Local,2026-08-22,MLND,TNA,19.17173,72.9566268,0.921921921921922,3,2026-08-22T14:44:00+05:30,2026-08-22T14:44:00+05:30,2026-08-22T14:46:57+05:30,2026-08-22T14:48:00+05:30,1.0,at-station,MOVING,30.7,0.0,22.0,4.0,-1.0,59.970208,1.0999999999999979,True,1.0,66.03278748007665,9,18,558,5,3.0,0.0
20260822T085927Z-moving-6809face,2026-08-22T09:19:53.464126+00:00,97231,DL25 / Mumbai CSMT - Dombivli Slow Local,EMU,Local,2026-08-22,MLND,TNA,19.17173,72.9566268,0.921921921921922,3,2026-08-22T14:44:00+05:30,2026-08-22T14:44:00+05:30,2026-08-22T14:46:57+05:30,2026-08-22T14:49:00+05:30,1.0,at-station,STATIONARY,30.7,0.0,22.0,3.0,0.0,59.999965,0.0,False,0.0,0.0,9,19,559,5,3.0,0.0
20260822T085927Z-moving-6809face,2026-08-22T09:20:53.469584+00:00,97231,DL25 / Mumbai CSMT - Dombivli Slow Local,EMU,Local,2026-08-22,MLND,TNA,19.17173,72.9566268,0.921921921921922,3,2026-08-22T14:44:00+05:30,2026-08-22T14:44:00+05:30,2026-08-22T14:46:57+05:30,2026-08-22T14:50:00+05:30,1.0,at-station,STATIONARY,30.7,0.0,22.0,3.0,0.0,60.005458,0.0,False,0.0,0.0,9,20,560,5,2.0,-1.0
20260822T085927Z-moving-6809face,2026-08-22T09:21:53.557021+00:00,97231,DL25 / Mumbai CSMT - Dombivli Slow Local,EMU,Local,2026-08-22,TNA,KLVA,19.1861572,72.9761886,1.0,2,2026-08-22T14:49:00+05:30,2026-08-22T14:49:00+05:30,2026-08-22T14:49:17+05:30,2026-08-22T14:51:00+05:30,2.0,at-station,MOVING,33.3,0.0,23.0,3.0,-1.0,60.087437,2.599999999999998,True,1.0,155.7729946111696,9,21,561,5,2.0,0.0
20260822T085927Z-moving-6809face,2026-08-22T09:22:53.588338+00:00,97231,DL25 / Mumbai CSMT - Dombivli Slow Local,EMU,Local,2026-08-22,TNA,KLVA,19.1861572,72.9761886,1.0,2,2026-08-22T14:49:00+05:30,2026-08-22T14:49:00+05:30,2026-08-22T14:49:17+05:30,2026-08-22T14:52:00+05:30,2.0,at-station,STATIONARY,33.3,0.0,23.0,2.0,0.0,60.031317,0.0,False,0.0,0.0,9,22,562,5,2.0,0.0
20260822T085927Z-moving-6809face,2026-08-22T09:23:53.513928+00:00,97231,DL25 / Mumbai CSMT - Dombivli Slow Local,EMU,Local,2026-08-22,TNA,KLVA,19.1861572,72.9761886,1.0,2,2026-08-22T14:49:00+05:30,2026-08-22T14:49:00+05:30,2026-08-22T14:49:17+05:30,2026-08-22T14:53:00+05:30,2.0,at-station,STATIONARY,33.3,0.0,23.0,2.0,0.0,59.92559,0.0,False,0.0,0.0,9,23,563,5,2.0,0.0
20260822T085927Z-moving-6809face,2026-08-22T09:24:54.339593+00:00,97231,DL25 / Mumbai CSMT - Dombivli Slow Local,EMU,Local,2026-08-22,TNA,KLVA,19.1861572,72.9761886,1.0,2,2026-08-22T14:49:00+05:30,2026-08-22T14:49:00+05:30,2026-08-22T14:49:17+05:30,2026-08-22T14:54:00+05:30,2.0,at-station,STATIONARY,33.3,0.0,23.0,2.0,0.0,60.825665,0.0,False,0.0,0.0,9,24,564,5,2.0,0.0
20260822T085927Z-moving-6809face,2026-08-22T09:25:53.510989+00:00,97231,DL25 / Mumbai CSMT - Dombivli Slow Local,EMU,Local,2026-08-22,TNA,KLVA,19.1861572,72.9761886,1.0,2,2026-08-22T14:49:00+05:30,2026-08-22T14:49:00+05:30,2026-08-22T14:49:17+05:30,2026-08-22T14:55:00+05:30,2.0,at-station,STATIONARY,33.3,0.0,23.0,2.0,0.0,59.171396,0.0,False,0.0,0.0,9,25,565,5,1.0,-1.0
20260822T085927Z-moving-6809face,2026-08-22T09:28:53.528431+00:00,97231,DL25 / Mumbai CSMT - Dombivli Slow Local,EMU,Local,2026-08-22,KLVC,MBQ,19.1950149,73.0062713,0.1951219512195121,1,2026-08-22T14:55:00+05:30,2026-08-22T14:55:00+05:30,2026-08-22T14:54:00+05:30,2026-08-22T14:56:00+05:30,,departed,MOVING,36.1,0.8,25.0,2.0,-1.0,180.017442,2.8000000000000043,True,2.0,55.9945741257673,9,28,568,5,1.0,0.0
20260822T085927Z-moving-6809face,2026-08-22T09:29:53.479152+00:00,97231,DL25 / Mumbai CSMT - Dombivli Slow Local,EMU,Local,2026-08-22,KLVC,MBQ,19.1950149,73.0062713,0.1951219512195121,1,2026-08-22T14:55:00+05:30,2026-08-22T14:55:00+05:30,2026-08-22T14:54:00+05:30,2026-08-22T14:56:00+05:30,,departed,STATIONARY,36.1,0.8,25.0,1.0,0.0,59.950721,0.0,False,0.0,0.0,9,29,569,5,1.0,0.0
20260822T085927Z-moving-6809face,2026-08-22T09:30:53.493560+00:00,97231,DL25 / Mumbai CSMT - Dombivli Slow Local,EMU,Local,2026-08-22,MBQ,DIVA,19.1901397,73.0231399,,1,2026-08-22T15:00:00+05:30,2026-08-22T15:00:00+05:30,2026-08-22T15:02:00+05:30,2026-08-22T15:01:00+05:30,1.0,at-station,MOVING,40.2,0.0,26.0,1.0,0.0,60.014408,4.100000000000001,True,1.0,245.94094138194288,9,30,570,5,0.0,-1.0
20260822T085927Z-moving-6809face,2026-08-22T09:31:53.527503+00:00,97231,DL25 / Mumbai CSMT - Dombivli Slow Local,EMU,Local,2026-08-22,MBQ,DIVA,19.1901397,73.0231399,,0,2026-08-22T15:00:00+05:30,2026-08-22T15:00:00+05:30,2026-08-22T15:02:00+05:30,2026-08-22T15:01:00+05:30,1.0,at-station,STATIONARY,40.2,0.0,26.0,1.0,-1.0,60.033943,0.0,False,0.0,0.0,9,31,571,5,0.0,0.0
20260822T085927Z-moving-6809face,2026-08-22T09:32:53.470039+00:00,97231,DL25 / Mumbai CSMT - Dombivli Slow Local,EMU,Local,2026-08-22,MBQ,DIVA,19.1901397,73.0231399,,0,2026-08-22T15:00:00+05:30,2026-08-22T15:00:00+05:30,2026-08-22T15:02:00+05:30,2026-08-22T15:02:00+05:30,1.0,at-station,STATIONARY,40.2,0.0,26.0,0.0,0.0,59.942536,0.0,False,0.0,0.0,9,32,572,5,0.0,0.0
20260822T131216Z-moving-7b8b8e46,2026-08-22T13:15:48.798673+00:00,95327,A51 / Mumbai CSMT - Ambernath Fast Local,EMU,Local,2026-08-22,DR,CLA,19.017292,72.843346,0.2702702702702703,2,2026-08-22T18:40:00+05:30,2026-08-22T18:40:00+05:30,2026-08-22T18:39:00+05:30,2026-08-22T18:40:00+05:30,,at-station,MOVING,9.0,0.0,10.0,,,,,False,,,13,15,795,5,2.0,0.0
20260822T131216Z-moving-7b8b8e46,2026-08-22T13:16:48.720190+00:00,95327,A51 / Mumbai CSMT - Ambernath Fast Local,EMU,Local,2026-08-22,DR,CLA,19.017292,72.843346,0.2702702702702703,2,2026-08-22T18:40:00+05:30,2026-08-22T18:40:00+05:30,2026-08-22T18:39:00+05:30,2026-08-22T18:40:00+05:30,,at-station,STATIONARY,9.0,0.0,10.0,2.0,0.0,59.921517,0.0,False,0.0,0.0,13,16,796,5,2.0,0.0
20260822T131216Z-moving-7b8b8e46,2026-08-22T13:24:48.715009+00:00,95327,A51 / Mumbai CSMT - Ambernath Fast Local,EMU,Local,2026-08-22,CLAS,GC,19.0746402,72.89122,0.5375375375375375,2,2026-08-22T18:49:00+05:30,2026-08-22T18:49:00+05:30,2026-08-22T18:50:00+05:30,2026-08-22T18:49:00+05:30,,at-station,MOVING,17.9,0.0,14.0,2.0,0.0,479.994819,8.899999999999999,True,4.0,66.75072049058929,13,24,804,5,5.0,3.0
20260822T131216Z-moving-7b8b8e46,2026-08-22T13:25:48.754916+00:00,95327,A51 / Mumbai CSMT - Ambernath Fast Local,EMU,Local,2026-08-22,CLAS,GC,19.0746402,72.89122,0.5375375375375375,5,2026-08-22T18:49:00+05:30,2026-08-22T18:49:00+05:30,2026-08-22T18:50:00+05:30,2026-08-22T18:49:00+05:30,,at-station,STATIONARY,17.9,0.0,14.0,2.0,3.0,60.039907,0.0,False,0.0,0.0,13,25,805,5,5.0,0.0
20260822T131216Z-moving-7b8b8e46,2026-08-22T13:26:48.760530+00:00,95327,A51 / Mumbai CSMT - Ambernath Fast Local,EMU,Local,2026-08-22,CLAS,GC,19.0746402,72.89122,0.5375375375375375,5,2026-08-22T18:49:00+05:30,2026-08-22T18:49:00+05:30,2026-08-22T18:50:00+05:30,2026-08-22T18:49:00+05:30,,at-station,STATIONARY,17.9,0.0,14.0,5.0,0.0,60.005614,0.0,False,0.0,0.0,13,26,806,5,5.0,0.0
20260822T131216Z-moving-7b8b8e46,2026-08-22T13:27:48.766562+00:00,95327,A51 / Mumbai CSMT - Ambernath Fast Local,EMU,Local,2026-08-22,CLAS,GC,19.0746402,72.89122,0.5375375375375375,5,2026-08-22T18:49:00+05:30,2026-08-22T18:49:00+05:30,2026-08-22T18:50:00+05:30,2026-08-22T18:49:00+05:30,,at-station,STATIONARY,17.9,0.0,14.0,5.0,0.0,60.006032,0.0,False,0.0,0.0,13,27,807,5,6.0,1.0
20260822T131216Z-moving-7b8b8e46,2026-08-22T13:39:15.840097+00:00,95327,A51 / Mumbai CSMT - Ambernath Fast Local,EMU,Local,2026-08-22,MLND,TNA,19.1767845,72.9634857,0.921921921921922,6,2026-08-22T19:02:00+05:30,2026-08-22T19:02:00+05:30,2026-08-22T19:06:26+05:30,2026-08-22T19:09:00+05:30,3.0,at-station,MOVING,30.7,0.0,22.0,5.0,1.0,687.073535,12.8,True,8.0,67.06705709455102,13,39,819,5,4.0,-2.0
20260822T131216Z-moving-7b8b8e46,2026-08-22T13:39:45.980413+00:00,95327,A51 / Mumbai CSMT - Ambernath Fast Local,EMU,Local,2026-08-22,MLND,TNA,19.1767845,72.9634857,0.921921921921922,4,2026-08-22T19:02:00+05:30,2026-08-22T19:02:00+05:30,2026-08-22T19:06:26+05:30,2026-08-22T19:09:00+05:30,3.0,at-station,STATIONARY,30.7,0.0,22.0,6.0,-2.0,30.140316,0.0,False,0.0,0.0,13,39,819,5,5.0,1.0
20260822T131216Z-moving-7b8b8e46,2026-08-22T13:40:40.868312+00:00,95327,A51 / Mumbai CSMT - Ambernath Fast Local,EMU,Local,2026-08-22,MLND,TNA,19.1835441,72.9726486,0.8076923076923084,5,2026-08-22T19:02:00+05:30,2026-08-22T19:02:00+05:30,2026-08-22T19:06:26+05:30,2026-08-22T19:07:18+05:30,3.0,departed,MOVING,30.7,2.1,22.0,4.0,1.0,54.887899,0.0,False,0.0,0.0,13,40,820,5,5.0,0.0
20260822T131216Z-moving-7b8b8e46,2026-08-22T13:41:40.505794+00:00,95327,A51 / Mumbai CSMT - Ambernath Fast Local,EMU,Local,2026-08-22,MLND,TNA,19.1835441,72.9726486,0.8076923076923084,5,2026-08-22T19:02:00+05:30,2026-08-22T19:02:00+05:30,2026-08-22T19:06:26+05:30,2026-08-22T19:07:18+05:30,3.0,departed,STATIONARY,30.7,2.1,22.0,5.0,0.0,59.637482,0.0,False,0.0,0.0,13,41,821,5,4.0,-1.0
20260822T131216Z-moving-7b8b8e46,2026-08-22T13:42:40.666504+00:00,95327,A51 / Mumbai CSMT - Ambernath Fast Local,EMU,Local,2026-08-22,TNA,DI,19.1861572,72.9761886,1.0,4,2026-08-22T19:06:00+05:30,2026-08-22T19:06:00+05:30,2026-08-22T19:10:00+05:30,2026-08-22T19:12:00+05:30,5.0,at-station,MOVING,33.3,0.0,23.0,5.0,-1.0,60.16071,2.599999999999998,True,1.0,155.5832702107404,13,42,822,5,5.0,1.0
20260822T131216Z-moving-7b8b8e46,2026-08-22T13:43:40.655683+00:00,95327,A51 / Mumbai CSMT - Ambernath Fast Local,EMU,Local,2026-08-22,TNA,DI,19.1861572,72.9761886,1.0,5,2026-08-22T19:06:00+05:30,2026-08-22T19:06:00+05:30,2026-08-22T19:10:00+05:30,2026-08-22T19:13:00+05:30,5.0,at-station,STATIONARY,33.3,0.0,23.0,4.0,1.0,59.989179,0.0,False,0.0,0.0,13,43,823,5,5.0,0.0
20260822T131216Z-moving-7b8b8e46,2026-08-22T13:44:41.218414+00:00,95327,A51 / Mumbai CSMT - Ambernath Fast Local,EMU,Local,2026-08-22,KLVA,DI,19.19528,72.9966964,,5,,,,,,at-station,MOVING,,,,5.0,0.0,60.562731,,True,,,13,44,824,5,5.0,0.0
20260822T131216Z-moving-7b8b8e46,2026-08-22T13:45:40.551710+00:00,95327,A51 / Mumbai CSMT - Ambernath Fast Local,EMU,Local,2026-08-22,KLVA,BY,19.19528,72.9966964,0.0,5,,,,,,at-station,STATIONARY,0.0,,,5.0,0.0,59.333296,,False,,,13,45,825,5,6.0,1.0
20260822T131216Z-moving-7b8b8e46,2026-08-22T13:46:40.563475+00:00,95327,A51 / Mumbai CSMT - Ambernath Fast Local,EMU,Local,2026-08-22,KLVA,DI,19.19528,72.9966964,,6,,,,,,at-station,STATIONARY,,,,5.0,1.0,60.011765,,False,,,13,46,826,5,6.0,0.0
20260822T131216Z-moving-7b8b8e46,2026-08-22T13:47:40.595429+00:00,95327,A51 / Mumbai CSMT - Ambernath Fast Local,EMU,Local,2026-08-22,MBQ,DI,19.1901397,73.0231399,,6,,,,,,at-station,MOVING,,,,6.0,0.0,60.031954,,True,,,13,47,827,5,6.0,0.0
20260822T131216Z-moving-7b8b8e46,2026-08-22T13:48:40.577619+00:00,95327,A51 / Mumbai CSMT - Ambernath Fast Local,EMU,Local,2026-08-22,MBQ,DI,19.1901397,73.0231399,,6,,,,,,at-station,STATIONARY,,,,6.0,0.0,59.98219,,False,,,13,48,828,5,6.0,0.0
20260822T131216Z-moving-7b8b8e46,2026-08-22T13:49:40.604766+00:00,95327,A51 / Mumbai CSMT - Ambernath Fast Local,EMU,Local,2026-08-22,MBQ,DI,19.1901397,73.0231399,,6,,,,,,at-station,STATIONARY,,,,6.0,0.0,60.027147,,False,,,13,49,829,5,6.0,0.0
20260822T131216Z-moving-7b8b8e46,2026-08-22T13:50:40.759289+00:00,95327,A51 / Mumbai CSMT - Ambernath Fast Local,EMU,Local,2026-08-22,MBQ,DI,19.1898136,73.0273666,,6,,,,,,at-station,MOVING,,,,6.0,0.0,60.154523,,False,,,13,50,830,5,6.0,0.0
20260822T131216Z-moving-7b8b8e46,2026-08-22T13:51:41.053225+00:00,95327,A51 / Mumbai CSMT - Ambernath Fast Local,EMU,Local,2026-08-22,MBQ,DI,19.1893444,73.0334472,,6,,,,,,departed,MOVING,,,,6.0,0.0,60.293936,,False,,,13,51,831,5,6.0,0.0
20260822T131216Z-moving-7b8b8e46,2026-08-22T13:52:40.625299+00:00,95327,A51 / Mumbai CSMT - Ambernath Fast Local,EMU,Local,2026-08-22,MBQ,BY,19.1893444,73.0334472,0.0,6,,,,,,departed,STATIONARY,0.0,,,6.0,0.0,59.572074,,False,,,13,52,832,5,6.0,0.0
20260822T131216Z-moving-7b8b8e46,2026-08-22T13:53:40.833298+00:00,95327,A51 / Mumbai CSMT - Ambernath Fast Local,EMU,Local,2026-08-22,MBQ,DI,19.1901397,73.0231399,,6,,,,,,departed,MOVING,,,,6.0,0.0,60.207999,,False,,,13,53,833,5,12.0,6.0
20260822T131216Z-moving-7b8b8e46,2026-08-22T13:54:40.693062+00:00,95327,A51 / Mumbai CSMT - Ambernath Fast Local,EMU,Local,2026-08-22,DIVA,DI,19.1886501,73.0424423,,12,2026-08-22T19:15:00+05:30,2026-08-22T19:15:00+05:30,2026-08-22T19:22:56+05:30,2026-08-22T19:27:00+05:30,3.0,at-station,MOVING,41.9,0.0,25.0,6.0,6.0,59.859764,,True,,,13,54,834,5,12.0,0.0
20260822T131216Z-moving-7b8b8e46,2026-08-22T13:55:40.640292+00:00,95327,A51 / Mumbai CSMT - Ambernath Fast Local,EMU,Local,2026-08-22,DIVA,DI,19.1886501,73.0424423,,12,2026-08-22T19:15:00+05:30,2026-08-22T19:15:00+05:30,2026-08-22T19:22:56+05:30,2026-08-22T19:27:00+05:30,3.0,at-station,STATIONARY,41.9,0.0,25.0,12.0,0.0,59.94723,0.0,False,0.0,0.0,13,55,835,5,11.0,-1.0
20260822T131216Z-moving-7b8b8e46,2026-08-22T13:56:40.644829+00:00,95327,A51 / Mumbai CSMT - Ambernath Fast Local,EMU,Local,2026-08-22,DWJN,DI,19.1958503,73.057373,,11,2026-08-22T19:16:00+05:30,2026-08-22T19:16:00+05:30,2026-08-22T19:25:21+05:30,2026-08-22T19:27:00+05:30,,at-station,MOVING,43.8,0.0,26.0,12.0,-1.0,60.004537,1.8999999999999986,True,1.0,113.99138035178899,13,56,836,5,11.0,0.0
20260822T131216Z-moving-7b8b8e46,2026-08-22T13:57:40.651976+00:00,95327,A51 / Mumbai CSMT - Ambernath Fast Local,EMU,Local,2026-08-22,DWJN,DI,19.1958503,73.057373,,11,2026-08-22T19:16:00+05:30,2026-08-22T19:16:00+05:30,2026-08-22T19:25:21+05:30,2026-08-22T19:27:00+05:30,,at-station,STATIONARY,43.8,0.0,26.0,11.0,0.0,60.007147,0.0,False,0.0,0.0,13,57,837,5,10.0,-1.0
20260822T131216Z-moving-7b8b8e46,2026-08-22T13:58:40.661459+00:00,95327,A51 / Mumbai CSMT - Ambernath Fast Local,EMU,Local,2026-08-22,DDCL,DI,19.212429,73.0793533,,10,2026-08-22T19:19:00+05:30,2026-08-22T19:19:00+05:30,2026-08-22T19:26:44+05:30,2026-08-22T19:29:00+05:30,,at-station,MOVING,46.9,0.0,27.0,11.0,-1.0,60.009483,3.1000000000000014,True,1.0,185.9706073455091,13,58,838,5,7.0,-3.0
20260822T131216Z-moving-7b8b8e46,2026-08-22T13:59:40.664238+00:00,95327,A51 / Mumbai CSMT - Ambernath Fast Local,EMU,Local,2026-08-22,DI,KYN,19.2181205,73.0868911,,7,2026-08-22T19:21:00+05:30,2026-08-22T19:21:00+05:30,2026-08-22T19:27:14+05:30,2026-08-22T19:29:00+05:30,4.0,at-station,MOVING,48.4,0.0,28.0,10.0,-3.0,60.002779,1.5,True,1.0,89.99583169306209,13,59,839,5,7.0,0.0
20260822T131216Z-moving-7b8b8e46,2026-08-22T14:00:40.989586+00:00,95327,A51 / Mumbai CSMT - Ambernath Fast Local,EMU,Local,2026-08-22,DI,KYN,19.2181205,73.0868911,,7,2026-08-22T19:21:00+05:30,2026-08-22T19:21:00+05:30,2026-08-22T19:27:14+05:30,2026-08-22T19:30:00+05:30,4.0,at-station,STATIONARY,48.4,0.0,28.0,7.0,0.0,60.325348,0.0,False,0.0,0.0,14,0,840,5,6.0,-1.0
20260822T131216Z-moving-7b8b8e46,2026-08-22T14:01:40.439745+00:00,95327,A51 / Mumbai CSMT - Ambernath Fast Local,EMU,Local,2026-08-22,DI,KYN,19.2181205,73.0868911,,6,2026-08-22T19:21:00+05:30,2026-08-22T19:21:00+05:30,2026-08-22T19:27:14+05:30,2026-08-22T19:31:00+05:30,4.0,at-station,STATIONARY,48.4,0.0,28.0,7.0,-1.0,59.450159,0.0,False,0.0,0.0,14,1,841,5,8.0,2.0
20260822T131216Z-moving-7b8b8e46,2026-08-22T14:02:40.579450+00:00,95327,A51 / Mumbai CSMT - Ambernath Fast Local,EMU,Local,2026-08-22,THK,KYN,19.22616,73.0980987,,8,2026-08-22T19:23:00+05:30,2026-08-22T19:23:00+05:30,2026-08-22T19:32:06+05:30,2026-08-22T19:32:00+05:30,,at-station,MOVING,49.4,0.0,29.0,6.0,2.0,60.139705,1.0,True,1.0,59.860619535795855,14,2,842,5,9.0,1.0
20260822T131216Z-moving-7b8b8e46,2026-08-22T13:13:05.881162+00:00,95515,AN25 / Mumbai CSMT - Asangaon Fast Local,EMU,Local,2026-08-22,PRLW,DR,19.0044708,72.8348617,0.2222222222222222,0,2026-08-22T18:44:00+05:30,2026-08-22T18:44:00+05:30,,2026-08-22T18:44:00+05:30,,at-station,UNKNOWN,7.4,0.0,8.0,,,,,False,,,13,13,793,5,0.0,0.0
20260822T131216Z-moving-7b8b8e46,2026-08-22T13:13:42.077798+00:00,95515,AN25 / Mumbai CSMT - Asangaon Fast Local,EMU,Local,2026-08-22,PRLW,DR,19.0044708,72.8348617,0.2222222222222222,0,2026-08-22T18:44:00+05:30,2026-08-22T18:44:00+05:30,,2026-08-22T18:44:00+05:30,,at-station,STATIONARY,7.4,0.0,8.0,0.0,0.0,36.196636,0.0,False,0.0,0.0,13,13,793,5,0.0,0.0
20260822T131216Z-moving-7b8b8e46,2026-08-22T13:14:36.505868+00:00,95515,AN25 / Mumbai CSMT - Asangaon Fast Local,EMU,Local,2026-08-22,PRLW,DR,19.0044708,72.8348617,0.2222222222222222,0,2026-08-22T18:44:00+05:30,2026-08-22T18:44:00+05:30,2026-08-22T18:42:44+05:30,2026-08-22T18:44:00+05:30,,at-station,STATIONARY,7.4,0.0,8.0,0.0,0.0,54.42807,0.0,False,0.0,0.0,13,14,794,5,0.0,0.0
20260822T131216Z-moving-7b8b8e46,2026-08-22T13:15:36.566504+00:00,95515,AN25 / Mumbai CSMT - Asangaon Fast Local,EMU,Local,2026-08-22,PRLW,DR,19.0044708,72.8348617,0.2222222222222222,0,2026-08-22T18:44:00+05:30,2026-08-22T18:44:00+05:30,2026-08-22T18:42:44+05:30,2026-08-22T18:45:00+05:30,,at-station,STATIONARY,7.4,0.0,8.0,0.0,0.0,60.060636,0.0,False,0.0,0.0,13,15,795,5,0.0,0.0
20260822T131216Z-moving-7b8b8e46,2026-08-22T13:16:36.413018+00:00,95515,AN25 / Mumbai CSMT - Asangaon Fast Local,EMU,Local,2026-08-22,PRLW,DR,19.0044708,72.8348617,0.2222222222222222,0,2026-08-22T18:44:00+05:30,2026-08-22T18:44:00+05:30,2026-08-22T18:42:44+05:30,2026-08-22T18:46:00+05:30,,at-station,STATIONARY,7.4,0.0,8.0,0.0,0.0,59.846514,0.0,False,0.0,0.0,13,16,796,5,0.0,0.0
20260822T131216Z-moving-7b8b8e46,2026-08-22T13:17:36.624387+00:00,95515,AN25 / Mumbai CSMT - Asangaon Fast Local,EMU,Local,2026-08-22,PRLW,DR,19.0044708,72.8348617,0.2222222222222222,0,2026-08-22T18:44:00+05:30,2026-08-22T18:44:00+05:30,2026-08-22T18:42:44+05:30,2026-08-22T18:47:00+05:30,,at-station,STATIONARY,7.4,0.0,8.0,0.0,0.0,60.211369,0.0,False,0.0,0.0,13,17,797,5,-2.0,-2.0
20260822T131216Z-moving-7b8b8e46,2026-08-22T13:18:36.630332+00:00,95515,AN25 / Mumbai CSMT - Asangaon Fast Local,EMU,Local,2026-08-22,SION,CLA,19.05719,72.870964,0.5296296296296298,-2,2026-08-22T18:50:00+05:30,2026-08-22T18:50:00+05:30,2026-08-22T18:47:24+05:30,2026-08-22T18:47:24+05:30,,departed,MOVING,14.33,1.43,12.0,0.0,-2.0,60.005945,6.93,True,4.0,415.758805231715,13,18,798,5,-2.0,0.0
20260822T131216Z-moving-7b8b8e46,2026-08-22T13:19:36.523903+00:00,95515,AN25 / Mumbai CSMT - Asangaon Fast Local,EMU,Local,2026-08-22,SION,CLA,19.05719,72.870964,0.5296296296296298,-2,2026-08-22T18:50:00+05:30,2026-08-22T18:50:00+05:30,2026-08-22T18:47:24+05:30,2026-08-22T18:47:24+05:30,,departed,STATIONARY,14.33,1.43,12.0,-2.0,0.0,59.893571,0.0,False,0.0,0.0,13,19,799,5,-2.0,0.0
20260822T131216Z-moving-7b8b8e46,2026-08-22T13:20:36.643130+00:00,95515,AN25 / Mumbai CSMT - Asangaon Fast Local,EMU,Local,2026-08-22,SION,CLA,19.05719,72.870964,0.5296296296296298,-2,2026-08-22T18:50:00+05:30,2026-08-22T18:50:00+05:30,2026-08-22T18:47:24+05:30,2026-08-22T18:47:24+05:30,,departed,STATIONARY,14.33,1.43,12.0,-2.0,0.0,60.119227,0.0,False,0.0,0.0,13,20,800,5,-2.0,0.0
20260822T131216Z-moving-7b8b8e46,2026-08-22T13:21:36.649637+00:00,95515,AN25 / Mumbai CSMT - Asangaon Fast Local,EMU,Local,2026-08-22,SION,CLA,19.05719,72.870964,0.5296296296296298,-2,2026-08-22T18:50:00+05:30,2026-08-22T18:50:00+05:30,2026-08-22T18:47:24+05:30,2026-08-22T18:47:24+05:30,,departed,STATIONARY,14.33,1.43,12.0,-2.0,0.0,60.006507,0.0,False,0.0,0.0,13,21,801,5,-2.0,0.0
20260822T131216Z-moving-7b8b8e46,2026-08-22T13:22:36.500900+00:00,95515,AN25 / Mumbai CSMT - Asangaon Fast Local,EMU,Local,2026-08-22,SION,CLA,19.05719,72.870964,0.5296296296296298,-2,2026-08-22T18:50:00+05:30,2026-08-22T18:50:00+05:30,2026-08-22T18:47:24+05:30,2026-08-22T18:47:24+05:30,,departed,STATIONARY,14.33,1.43,12.0,-2.0,0.0,59.851263,0.0,False,0.0,0.0,13,22,802,5,12.0,14.0
20260822T131216Z-moving-7b8b8e46,2026-08-22T13:39:03.361931+00:00,95515,AN25 / Mumbai CSMT - Asangaon Fast Local,EMU,Local,2026-08-22,GC,VK,19.0898189,72.9113769,0.5825825825825826,12,2026-08-22T18:57:00+05:30,2026-08-22T18:57:00+05:30,2026-08-22T18:56:00+05:30,2026-08-22T18:57:00+05:30,3.0,at-station,MOVING,19.4,0.0,16.0,-2.0,14.0,986.861031,5.0699999999999985,True,4.0,18.495005301308726,13,39,819,5,-1.0,-13.0
20260822T131216Z-moving-7b8b8e46,2026-08-22T13:39:33.844863+00:00,95515,AN25 / Mumbai CSMT - Asangaon Fast Local,EMU,Local,2026-08-22,GC,VK,19.0898189,72.9113769,0.5825825825825826,-1,2026-08-22T18:57:00+05:30,2026-08-22T18:57:00+05:30,2026-08-22T18:56:00+05:30,2026-08-22T19:09:00+05:30,3.0,at-station,STATIONARY,19.4,0.0,16.0,12.0,-13.0,30.482932,0.0,False,0.0,0.0,13,39,819,5,12.0,13.0
20260822T131216Z-moving-7b8b8e46,2026-08-22T13:40:28.294182+00:00,95515,AN25 / Mumbai CSMT - Asangaon Fast Local,EMU,Local,2026-08-22,GC,VK,19.0898189,72.9113769,0.5825825825825826,12,2026-08-22T18:57:00+05:30,2026-08-22T18:57:00+05:30,2026-08-22T18:56:00+05:30,2026-08-22T18:57:00+05:30,3.0,at-station,STATIONARY,19.4,0.0,16.0,-1.0,13.0,54.449319,0.0,False,0.0,0.0,13,40,820,5,12.0,0.0
20260822T131216Z-moving-7b8b8e46,2026-08-22T13:41:28.372987+00:00,95515,AN25 / Mumbai CSMT - Asangaon Fast Local,EMU,Local,2026-08-22,GC,VK,19.0979442,72.9176559,0.4540540540540537,12,2026-08-22T18:57:00+05:30,2026-08-22T18:57:00+05:30,2026-08-22T18:56:00+05:30,2026-08-22T18:57:00+05:30,3.0,departed,MOVING,19.4,1.68,16.0,12.0,0.0,60.078805,0.0,False,0.0,0.0,13,41,821,5,11.0,-1.0
20260822T131216Z-moving-7b8b8e46,2026-08-22T13:42:28.411931+00:00,95515,AN25 / Mumbai CSMT - Asangaon Fast Local,EMU,Local,2026-08-22,VK,TNA,19.1119403,72.9284667,0.6936936936936938,11,2026-08-22T19:01:00+05:30,2026-08-22T19:01:00+05:30,2026-08-22T19:12:08+05:30,2026-08-22T19:12:00+05:30,3.0,at-station,MOVING,23.1,0.0,17.0,12.0,-1.0,60.038944,3.700000000000003,True,1.0,221.85600066516844,13,42,822,5,11.0,0.0
20260822T131216Z-moving-7b8b8e46,2026-08-22T13:43:28.711570+00:00,95515,AN25 / Mumbai CSMT - Asangaon Fast Local,EMU,Local,2026-08-22,VK,TNA,19.1119403,72.9284667,0.6936936936936938,11,2026-08-22T19:01:00+05:30,2026-08-22T19:01:00+05:30,2026-08-22T19:12:08+05:30,2026-08-22T19:13:00+05:30,3.0,at-station,STATIONARY,23.1,0.0,17.0,11.0,0.0,60.299639,0.0,False,0.0,0.0,13,43,823,5,11.0,0.0
20260822T131216Z-moving-7b8b8e46,2026-08-22T13:44:28.489819+00:00,95515,AN25 / Mumbai CSMT - Asangaon Fast Local,EMU,Local,2026-08-22,VK,TNA,19.1119403,72.9284667,0.6936936936936938,11,2026-08-22T19:01:00+05:30,2026-08-22T19:01:00+05:30,2026-08-22T19:12:08+05:30,2026-08-22T19:14:00+05:30,3.0,at-station,STATIONARY,23.1,0.0,17.0,11.0,0.0,59.778249,0.0,False,0.0,0.0,13,44,824,5,10.0,-1.0
20260822T131216Z-moving-7b8b8e46,2026-08-22T13:45:28.497615+00:00,95515,AN25 / Mumbai CSMT - Asangaon Fast Local,EMU,Local,2026-08-22,BND,TNA,19.1422805,72.9377899,0.8048048048048049,10,2026-08-22T19:06:00+05:30,2026-08-22T19:06:00+05:30,2026-08-22T19:14:36+05:30,2026-08-22T19:16:00+05:30,3.0,at-station,MOVING,26.8,0.0,19.0,11.0,-1.0,60.007796,3.6999999999999993,True,2.0,221.97115854746602,13,45,825,5,10.0,0.0
20260822T131216Z-moving-7b8b8e46,2026-08-22T13:46:28.503873+00:00,95515,AN25 / Mumbai CSMT - Asangaon Fast Local,EMU,Local,2026-08-22,BND,TNA,19.1422805,72.9377899,0.8048048048048049,10,2026-08-22T19:06:00+05:30,2026-08-22T19:06:00+05:30,2026-08-22T19:14:36+05:30,2026-08-22T19:16:00+05:30,3.0,at-station,STATIONARY,26.8,0.0,19.0,10.0,0.0,60.006258,0.0,False,0.0,0.0,13,46,826,5,8.0,-2.0
20260822T131216Z-moving-7b8b8e46,2026-08-22T13:47:28.410786+00:00,95515,AN25 / Mumbai CSMT - Asangaon Fast Local,EMU,Local,2026-08-22,NHU,TNA,19.15452,72.9468307,0.8558558558558559,8,2026-08-22T19:08:00+05:30,2026-08-22T19:08:00+05:30,2026-08-22T19:15:04+05:30,2026-08-22T19:17:00+05:30,,at-station,MOVING,28.5,0.0,20.0,10.0,-2.0,59.906913,1.6999999999999993,True,1.0,102.15849379519851,13,47,827,5,7.0,-1.0
20260822T131216Z-moving-7b8b8e46,2026-08-22T13:48:28.518421+00:00,95515,AN25 / Mumbai CSMT - Asangaon Fast Local,EMU,Local,2026-08-22,MLND,TNA,19.17173,72.9566268,0.921921921921922,7,2026-08-22T19:11:00+05:30,2026-08-22T19:11:00+05:30,2026-08-22T19:18:30+05:30,2026-08-22T19:18:00+05:30,3.0,at-station,MOVING,30.7,0.0,22.0,8.0,-1.0,60.107635,2.1999999999999993,True,2.0,131.76362703340428,13,48,828,5,7.0,0.0
20260822T131216Z-moving-7b8b8e46,2026-08-22T13:49:28.520408+00:00,95515,AN25 / Mumbai CSMT - Asangaon Fast Local,EMU,Local,2026-08-22,MLND,TNA,19.1762504,72.9627609,0.921921921921922,7,2026-08-22T19:11:00+05:30,2026-08-22T19:11:00+05:30,2026-08-22T19:18:30+05:30,2026-08-22T19:19:00+05:30,3.0,at-station,MOVING,30.7,0.0,22.0,7.0,0.0,60.001987,0.0,False,0.0,0.0,13,49,829,5,7.0,0.0
20260822T131216Z-moving-7b8b8e46,2026-08-22T13:50:28.424858+00:00,95515,AN25 / Mumbai CSMT - Asangaon Fast Local,EMU,Local,2026-08-22,MLND,TNA,19.1813049,72.9696121,0.6538461538461544,7,2026-08-22T19:11:00+05:30,2026-08-22T19:11:00+05:30,2026-08-22T19:18:30+05:30,2026-08-22T19:17:18+05:30,3.0,departed,MOVING,30.7,1.7,22.0,7.0,0.0,59.90445,0.0,False,0.0,0.0,13,50,830,5,6.0,-1.0
20260822T131216Z-moving-7b8b8e46,2026-08-22T13:51:28.522944+00:00,95515,AN25 / Mumbai CSMT - Asangaon Fast Local,EMU,Local,2026-08-22,TNA,DI,19.1861572,72.9761886,1.0,6,2026-08-22T19:15:00+05:30,2026-08-22T19:15:00+05:30,2026-08-22T19:20:00+05:30,2026-08-22T19:21:00+05:30,5.0,at-station,MOVING,33.3,0.0,23.0,7.0,-1.0,60.098086,2.599999999999998,True,1.0,155.7453926236518,13,51,831,5,6.0,0.0
20260822T131216Z-moving-7b8b8e46,2026-08-22T13:52:28.642906+00:00,95515,AN25 / Mumbai CSMT - Asangaon Fast Local,EMU,Local,2026-08-22,TNA,DI,19.1861572,72.9761886,1.0,6,2026-08-22T19:15:00+05:30,2026-08-22T19:15:00+05:30,2026-08-22T19:20:00+05:30,2026-08-22T19:22:00+05:30,5.0,at-station,STATIONARY,33.3,0.0,23.0,6.0,0.0,60.119962,0.0,False,0.0,0.0,13,52,832,5,6.0,0.0
20260822T131216Z-moving-7b8b8e46,2026-08-22T13:53:28.444432+00:00,95515,AN25 / Mumbai CSMT - Asangaon Fast Local,EMU,Local,2026-08-22,TNA,DI,19.1861572,72.9761886,1.0,6,2026-08-22T19:15:00+05:30,2026-08-22T19:15:00+05:30,2026-08-22T19:20:00+05:30,2026-08-22T19:23:00+05:30,5.0,at-station,STATIONARY,33.3,0.0,23.0,6.0,0.0,59.801526,0.0,False,0.0,0.0,13,53,833,5,7.0,1.0
20260822T131216Z-moving-7b8b8e46,2026-08-22T13:54:29.066794+00:00,95515,AN25 / Mumbai CSMT - Asangaon Fast Local,EMU,Local,2026-08-22,TNA,DI,19.1902389,72.9949722,0.7923076923076919,7,2026-08-22T19:15:00+05:30,2026-08-22T19:15:00+05:30,2026-08-22T19:20:00+05:30,2026-08-22T19:21:48+05:30,5.0,departed,MOVING,33.3,2.06,23.0,6.0,1.0,60.622362,0.0,False,0.0,0.0,13,54,834,5,7.0,0.0
20260822T131216Z-moving-7b8b8e46,2026-08-22T13:55:28.551682+00:00,95515,AN25 / Mumbai CSMT - Asangaon Fast Local,EMU,Local,2026-08-22,YY-PSKT,DI,19.1899509,73.00885,,7,,,,,,at-station,MOVING,,,,7.0,0.0,59.484888,,True,,,13,55,835,5,7.0,0.0
20260822T131216Z-moving-7b8b8e46,2026-08-22T13:56:28.383550+00:00,95515,AN25 / Mumbai CSMT - Asangaon Fast Local,EMU,Local,2026-08-22,YY-PSKT,DI,19.1899509,73.00885,,7,,,,,,at-station,STATIONARY,,,,7.0,0.0,59.831868,,False,,,13,56,836,5,7.0,0.0
20260822T131216Z-moving-7b8b8e46,2026-08-22T13:57:28.314129+00:00,95515,AN25 / Mumbai CSMT - Asangaon Fast Local,EMU,Local,2026-08-22,YY-PSKT,DI,19.1899509,73.00885,,7,,,,,,at-station,STATIONARY,,,,7.0,0.0,59.930579,,False,,,13,57,837,5,7.0,0.0
20260822T131216Z-moving-7b8b8e46,2026-08-22T13:58:28.439673+00:00,95515,AN25 / Mumbai CSMT - Asangaon Fast Local,EMU,Local,2026-08-22,YY-PSKT,DI,19.1895141,73.0201187,,7,,,,,,departed,MOVING,,,,7.0,0.0,60.125544,,False,,,13,58,838,5,7.0,0.0
20260822T131216Z-moving-7b8b8e46,2026-08-22T13:59:28.411867+00:00,95515,AN25 / Mumbai CSMT - Asangaon Fast Local,EMU,Local,2026-08-22,YY-PSKT,DI,19.1894054,73.0229263,,7,,,,,,departed,MOVING,,,,7.0,0.0,59.972194,,False,,,13,59,839,5,7.0,0.0
20260822T131216Z-moving-7b8b8e46,2026-08-22T14:00:28.405453+00:00,95515,AN25 / Mumbai CSMT - Asangaon Fast Local,EMU,Local,2026-08-22,YY-PSKT,DI,19.1893634,73.0240249,,7,,,,,,departed,MOVING,,,,7.0,0.0,59.993586,,False,,,14,0,840,5,7.0,0.0
20260822T131216Z-moving-7b8b8e46,2026-08-22T14:01:28.489909+00:00,95515,AN25 / Mumbai CSMT - Asangaon Fast Local,EMU,Local,2026-08-22,YY-PSKT,DI,19.189289,73.0259323,,7,,,,,,departed,MOVING,,,,7.0,0.0,60.084456,,False,,,14,1,841,5,7.0,0.0
20260822T131216Z-moving-7b8b8e46,2026-08-22T14:02:28.496759+00:00,95515,AN25 / Mumbai CSMT - Asangaon Fast Local,EMU,Local,2026-08-22,YY-PSKT,DI,19.1889209,73.0354385,,7,,,,,,departed,MOVING,,,,7.0,0.0,60.00685,,False,,,14,2,842,5,6.0,-1.0
20260822T131216Z-moving-7b8b8e46,2026-08-22T13:48:22.380736+00:00,95733,K103 AC / Mumbai CSMT - Kalyan AC Fast Local,EMU,Local,2026-08-22,TNA,DI,19.187923,72.98199,1.0,0,2026-08-22T19:18:00+05:30,2026-08-22T19:18:00+05:30,2026-08-22T19:15:05+05:30,2026-08-22T19:18:00+05:30,,at-station,MOVING,33.3,0.0,23.0,,,,,False,,,13,48,828,5,0.0,0.0
20260822T131216Z-moving-7b8b8e46,2026-08-22T13:49:22.480736+00:00,95733,K103 AC / Mumbai CSMT - Kalyan AC Fast Local,EMU,Local,2026-08-22,TNA,DI,19.187923,72.98199,1.0,0,2026-08-22T19:18:00+05:30,2026-08-22T19:18:00+05:30,2026-08-22T19:15:05+05:30,2026-08-22T19:19:00+05:30,,at-station,STATIONARY,33.3,0.0,23.0,0.0,0.0,60.1,0.0,False,0.0,0.0,13,49,829,5,0.0,0.0
20260822T131216Z-moving-7b8b8e46,2026-08-22T13:15:42.637442+00:00,97399,T103 / Mumbai CSMT - Thane Local,EMU,Local,2026-08-22,PRLW,PR,19.0044708,72.8348617,0.2222222222222222,4,2026-08-22T18:40:00+05:30,2026-08-22T18:40:00+05:30,2026-08-22T18:41:00+05:30,2026-08-22T18:41:00+05:30,,at-station,MOVING,7.4,0.0,8.0,,,,,False,,,13,15,795,5,4.0,0.0
20260822T131216Z-moving-7b8b8e46,2026-08-22T13:16:42.477967+00:00,97399,T103 / Mumbai CSMT - Thane Local,EMU,Local,2026-08-22,PRLW,PR,19.0044708,72.8348617,0.2222222222222222,4,2026-08-22T18:40:00+05:30,2026-08-22T18:40:00+05:30,2026-08-22T18:41:00+05:30,2026-08-22T18:41:00+05:30,,at-station,STATIONARY,7.4,0.0,8.0,4.0,0.0,59.840525,0.0,False,0.0,0.0,13,16,796,5,6.0,2.0
20260822T131216Z-moving-7b8b8e46,2026-08-22T13:17:42.604917+00:00,97399,T103 / Mumbai CSMT - Thane Local,EMU,Local,2026-08-22,PR,DR,19.00918,72.8375778,0.2402402402402402,6,2026-08-22T18:41:00+05:30,2026-08-22T18:41:00+05:30,2026-08-22T18:42:00+05:30,2026-08-22T18:42:00+05:30,1.0,at-station,MOVING,8.0,0.0,9.0,4.0,2.0,60.12695,0.5999999999999996,True,1.0,35.923990822750845,13,17,797,5,6.0,0.0
20260822T131216Z-moving-7b8b8e46,2026-08-22T13:18:42.671712+00:00,97399,T103 / Mumbai CSMT - Thane Local,EMU,Local,2026-08-22,PR,DR,19.00918,72.8375778,0.2402402402402402,6,2026-08-22T18:41:00+05:30,2026-08-22T18:41:00+05:30,2026-08-22T18:42:00+05:30,2026-08-22T18:42:00+05:30,1.0,at-station,STATIONARY,8.0,0.0,9.0,6.0,0.0,60.066795,0.0,False,0.0,0.0,13,18,798,5,5.0,-1.0
20260822T131216Z-moving-7b8b8e46,2026-08-22T13:19:42.642200+00:00,97399,T103 / Mumbai CSMT - Thane Local,EMU,Local,2026-08-22,DR,MTN,19.01621,72.8423,0.2702702702702703,5,2026-08-22T18:44:00+05:30,2026-08-22T18:44:00+05:30,2026-08-22T18:43:00+05:30,2026-08-22T18:49:00+05:30,,at-station,MOVING,9.0,0.0,10.0,6.0,-1.0,59.970488,1.0,True,1.0,60.0295265231125,13,19,799,5,4.0,-1.0
20260822T131216Z-moving-7b8b8e46,2026-08-22T13:20:42.686485+00:00,97399,T103 / Mumbai CSMT - Thane Local,EMU,Local,2026-08-22,MTN,SION,19.026932,72.84999,0.3123123123123123,4,2026-08-22T18:47:00+05:30,2026-08-22T18:47:00+05:30,2026-08-22T18:50:29+05:30,2026-08-22T18:51:00+05:30,,at-station,MOVING,10.4,0.0,11.0,5.0,-1.0,60.044285,1.4000000000000004,True,1.0,83.9380467266785,13,20,800,5,4.0,0.0
20260822T131216Z-moving-7b8b8e46,2026-08-22T13:21:42.792948+00:00,97399,T103 / Mumbai CSMT - Thane Local,EMU,Local,2026-08-22,MTN,SION,19.0273303,72.8502578,0.3123123123123123,4,2026-08-22T18:47:00+05:30,2026-08-22T18:47:00+05:30,2026-08-22T18:50:29+05:30,2026-08-22T18:51:00+05:30,1.0,at-station,MOVING,10.4,0.0,11.0,4.0,0.0,60.106463,0.0,False,0.0,0.0,13,21,801,5,4.0,0.0
20260822T131216Z-moving-7b8b8e46,2026-08-22T13:22:42.643785+00:00,97399,T103 / Mumbai CSMT - Thane Local,EMU,Local,2026-08-22,MTN,SION,19.0273303,72.8502578,0.3123123123123123,4,2026-08-22T18:47:00+05:30,2026-08-22T18:47:00+05:30,2026-08-22T18:50:29+05:30,2026-08-22T18:52:00+05:30,1.0,at-station,STATIONARY,10.4,0.0,11.0,4.0,0.0,59.850837,0.0,False,0.0,0.0,13,22,802,5,4.0,0.0
20260822T131216Z-moving-7b8b8e46,2026-08-22T13:23:42.702534+00:00,97399,T103 / Mumbai CSMT - Thane Local,EMU,Local,2026-08-22,MTN,SION,19.0273303,72.8502578,0.3123123123123123,4,2026-08-22T18:47:00+05:30,2026-08-22T18:47:00+05:30,2026-08-22T18:50:29+05:30,2026-08-22T18:53:00+05:30,1.0,at-station,STATIONARY,10.4,0.0,11.0,4.0,0.0,60.058749,0.0,False,0.0,0.0,13,23,803,5,3.0,-1.0
20260822T131216Z-moving-7b8b8e46,2026-08-22T13:24:43.219498+00:00,97399,T103 / Mumbai CSMT - Thane Local,EMU,Local,2026-08-22,SION,CLA,19.0465297,72.8633193,0.3873873873873874,3,2026-08-22T18:50:00+05:30,2026-08-22T18:50:00+05:30,2026-08-22T18:52:22+05:30,2026-08-22T18:54:00+05:30,,at-station,MOVING,12.9,0.0,12.0,4.0,-1.0,60.516964,2.5,True,1.0,148.71863036618956,13,24,804,5,2.0,-1.0
20260822T131216Z-moving-7b8b8e46,2026-08-22T13:25:42.407654+00:00,97399,T103 / Mumbai CSMT - Thane Local,EMU,Local,2026-08-22,SION,CLA,19.0465297,72.8633193,0.3873873873873874,2,2026-08-22T18:50:00+05:30,2026-08-22T18:50:00+05:30,2026-08-22T18:52:22+05:30,2026-08-22T18:55:00+05:30,,at-station,STATIONARY,12.9,0.0,12.0,3.0,-1.0,59.188156,0.0,False,0.0,0.0,13,25,805,5,5.0,3.0
20260822T131216Z-moving-7b8b8e46,2026-08-22T13:26:42.719775+00:00,97399,T103 / Mumbai CSMT - Thane Local,EMU,Local,2026-08-22,SION,CLA,19.0465297,72.8633193,0.3873873873873874,5,2026-08-22T18:50:00+05:30,2026-08-22T18:50:00+05:30,2026-08-22T18:52:22+05:30,2026-08-22T18:56:00+05:30,,at-station,STATIONARY,12.9,0.0,12.0,2.0,3.0,60.312121,0.0,False,0.0,0.0,13,26,806,5,5.0,0.0
20260822T131216Z-moving-7b8b8e46,2026-08-22T13:27:42.725751+00:00,97399,T103 / Mumbai CSMT - Thane Local,EMU,Local,2026-08-22,SION,CLA,19.0465297,72.8633193,0.3873873873873874,5,2026-08-22T18:50:00+05:30,2026-08-22T18:50:00+05:30,2026-08-22T18:52:22+05:30,2026-08-22T18:57:00+05:30,,at-station,STATIONARY,12.9,0.0,12.0,5.0,0.0,60.005976,0.0,False,0.0,0.0,13,27,807,5,4.0,-1.0
20260822T131216Z-moving-7b8b8e46,2026-08-22T13:28:42.586926+00:00,97399,T103 / Mumbai CSMT - Thane Local,EMU,Local,2026-08-22,CLA,VVH,19.0651493,72.8794021,0.4684684684684685,4,2026-08-22T18:54:00+05:30,2026-08-22T18:54:00+05:30,2026-08-22T18:57:50+05:30,2026-08-22T18:58:00+05:30,1.0,at-station,MOVING,15.6,0.0,13.0,5.0,-1.0,59.861175,2.6999999999999993,True,1.0,162.37569676839783,13,28,808,5,4.0,0.0
20260822T131216Z-moving-7b8b8e46,2026-08-22T13:39:09.484800+00:00,97399,T103 / Mumbai CSMT - Thane Local,EMU,Local,2026-08-22,VK,KJRD,19.1119403,72.9284667,0.6936936936936938,4,2026-08-22T19:04:00+05:30,2026-08-22T19:04:00+05:30,2026-08-22T19:05:46+05:30,2026-08-22T19:09:00+05:30,1.0,at-station,MOVING,23.1,0.0,17.0,4.0,0.0,626.897874,7.500000000000002,True,4.0,43.06921608733994,13,39,819,5,2.0,-2.0
20260822T131216Z-moving-7b8b8e46,2026-08-22T13:39:39.839706+00:00,97399,T103 / Mumbai CSMT - Thane Local,EMU,Local,2026-08-22,VK,KJRD,19.1119403,72.9284667,0.6936936936936938,2,2026-08-22T19:04:00+05:30,2026-08-22T19:04:00+05:30,2026-08-22T19:05:46+05:30,2026-08-22T19:09:00+05:30,1.0,at-station,STATIONARY,23.1,0.0,17.0,4.0,-2.0,30.354906,0.0,False,0.0,0.0,13,39,819,5,4.0,2.0
20260822T131216Z-moving-7b8b8e46,2026-08-22T13:40:34.493469+00:00,97399,T103 / Mumbai CSMT - Thane Local,EMU,Local,2026-08-22,VK,KJRD,19.1119403,72.9284667,0.6936936936936938,4,2026-08-22T19:04:00+05:30,2026-08-22T19:04:00+05:30,2026-08-22T19:05:46+05:30,2026-08-22T19:10:00+05:30,1.0,at-station,STATIONARY,23.1,0.0,17.0,2.0,2.0,54.653763,0.0,False,0.0,0.0,13,40,820,5,4.0,0.0
20260822T131216Z-moving-7b8b8e46,2026-08-22T13:41:34.438250+00:00,97399,T103 / Mumbai CSMT - Thane Local,EMU,Local,2026-08-22,KJRD,BND,19.1281509,72.9282531,0.7507507507507508,4,2026-08-22T19:07:00+05:30,2026-08-22T19:07:00+05:30,2026-08-22T19:08:56+05:30,2026-08-22T19:11:00+05:30,1.0,at-station,MOVING,25.0,0.0,18.0,4.0,0.0,59.944781,1.8999999999999986,True,1.0,114.10501274497935,13,41,821,5,4.0,0.0
20260822T131216Z-moving-7b8b8e46,2026-08-22T13:42:34.611652+00:00,97399,T103 / Mumbai CSMT - Thane Local,EMU,Local,2026-08-22,KJRD,BND,19.1281509,72.9282531,0.7507507507507508,4,2026-08-22T19:07:00+05:30,2026-08-22T19:07:00+05:30,2026-08-22T19:08:56+05:30,2026-08-22T19:12:00+05:30,1.0,at-station,STATIONARY,25.0,0.0,18.0,4.0,0.0,60.173402,0.0,False,0.0,0.0,13,42,822,5,3.0,-1.0
20260822T131216Z-moving-7b8b8e46,2026-08-22T13:43:34.455573+00:00,97399,T103 / Mumbai CSMT - Thane Local,EMU,Local,2026-08-22,BND,NHU,19.1422805,72.9377899,0.8048048048048049,3,2026-08-22T19:10:00+05:30,2026-08-22T19:10:00+05:30,2026-08-22T19:13:51+05:30,2026-08-22T19:13:00+05:30,1.0,at-station,MOVING,26.8,0.0,19.0,4.0,-1.0,59.843921,1.8000000000000007,True,1.0,108.2816749256788,13,43,823,5,3.0,0.0
20260822T131216Z-moving-7b8b8e46,2026-08-22T13:44:34.455335+00:00,97399,T103 / Mumbai CSMT - Thane Local,EMU,Local,2026-08-22,BND,NHU,19.1422805,72.9377899,0.8048048048048049,3,2026-08-22T19:10:00+05:30,2026-08-22T19:10:00+05:30,2026-08-22T19:13:51+05:30,2026-08-22T19:14:00+05:30,1.0,at-station,STATIONARY,26.8,0.0,19.0,3.0,0.0,59.999762,0.0,False,0.0,0.0,13,44,824,5,3.0,0.0
20260822T131216Z-moving-7b8b8e46,2026-08-22T13:45:34.430485+00:00,97399,T103 / Mumbai CSMT - Thane Local,EMU,Local,2026-08-22,BND,NHU,19.1422805,72.9377899,0.8048048048048049,3,2026-08-22T19:10:00+05:30,2026-08-22T19:10:00+05:30,2026-08-22T19:13:51+05:30,2026-08-22T19:15:00+05:30,1.0,at-station,STATIONARY,26.8,0.0,19.0,3.0,0.0,59.97515,0.0,False,0.0,0.0,13,45,825,5,3.0,0.0
20260822T131216Z-moving-7b8b8e46,2026-08-22T13:46:34.481730+00:00,97399,T103 / Mumbai CSMT - Thane Local,EMU,Local,2026-08-22,BND,NHU,19.1422805,72.9377899,0.8048048048048049,3,2026-08-22T19:10:00+05:30,2026-08-22T19:10:00+05:30,2026-08-22T19:13:51+05:30,2026-08-22T19:16:00+05:30,1.0,at-station,STATIONARY,26.8,0.0,19.0,3.0,0.0,60.051245,0.0,False,0.0,0.0,13,46,826,5,3.0,0.0
20260822T131216Z-moving-7b8b8e46,2026-08-22T13:47:34.547856+00:00,97399,T103 / Mumbai CSMT - Thane Local,EMU,Local,2026-08-22,BND,NHU,19.1422805,72.9377899,0.8048048048048049,3,2026-08-22T19:10:00+05:30,2026-08-22T19:10:00+05:30,2026-08-22T19:13:51+05:30,2026-08-22T19:17:00+05:30,1.0,at-station,STATIONARY,26.8,0.0,19.0,3.0,0.0,60.066126,0.0,False,0.0,0.0,13,47,827,5,5.0,2.0
20260822T131216Z-moving-7b8b8e46,2026-08-22T13:48:34.498723+00:00,97399,T103 / Mumbai CSMT - Thane Local,EMU,Local,2026-08-22,NHU,MLND,19.15452,72.9468307,0.8558558558558559,5,2026-08-22T19:13:00+05:30,2026-08-22T19:13:00+05:30,2026-08-22T19:15:17+05:30,2026-08-22T19:18:00+05:30,1.0,at-station,MOVING,28.5,0.0,20.0,3.0,2.0,59.950867,1.6999999999999993,True,1.0,102.08359455418713,13,48,828,5,5.0,0.0
20260822T131216Z-moving-7b8b8e46,2026-08-22T13:49:35.176177+00:00,97399,T103 / Mumbai CSMT - Thane Local,EMU,Local,2026-08-22,NHU,MLND,19.15452,72.9468307,0.8558558558558559,5,2026-08-22T19:13:00+05:30,2026-08-22T19:13:00+05:30,2026-08-22T19:15:17+05:30,2026-08-22T19:19:00+05:30,1.0,at-station,STATIONARY,28.5,0.0,20.0,5.0,0.0,60.677454,0.0,False,0.0,0.0,13,49,829,5,5.0,0.0
20260822T131216Z-moving-7b8b8e46,2026-08-22T13:50:34.563246+00:00,97399,T103 / Mumbai CSMT - Thane Local,EMU,Local,2026-08-22,CRNM,MLND,19.1675643,72.9536743,0.8888888888888891,5,2026-08-22T19:15:00+05:30,2026-08-22T19:15:00+05:30,2026-08-22T19:20:35+05:30,2026-08-22T19:20:00+05:30,,at-station,MOVING,29.6,0.0,21.0,5.0,0.0,59.387069,1.1000000000000014,True,1.0,66.6811827335679,13,50,830,5,5.0,0.0
20260822T131216Z-moving-7b8b8e46,2026-08-22T13:51:34.562417+00:00,97399,T103 / Mumbai CSMT - Thane Local,EMU,Local,2026-08-22,CRNM,MLND,19.1675643,72.9536743,0.8888888888888891,5,2026-08-22T19:15:00+05:30,2026-08-22T19:15:00+05:30,2026-08-22T19:20:35+05:30,2026-08-22T19:21:00+05:30,,at-station,STATIONARY,29.6,0.0,21.0,5.0,0.0,59.999171,0.0,False,0.0,0.0,13,51,831,5,5.0,0.0
20260822T131216Z-moving-7b8b8e46,2026-08-22T13:52:34.682327+00:00,97399,T103 / Mumbai CSMT - Thane Local,EMU,Local,2026-08-22,MLND,TNA,19.17173,72.9566268,0.921921921921922,5,2026-08-22T19:17:00+05:30,2026-08-22T19:17:00+05:30,2026-08-22T19:22:31+05:30,2026-08-22T19:22:00+05:30,1.0,at-station,MOVING,30.7,0.0,22.0,5.0,0.0,60.11991,1.0999999999999979,True,1.0,65.86836207838623,13,52,832,5,5.0,0.0
20260822T131216Z-moving-7b8b8e46,2026-08-22T13:53:34.692637+00:00,97399,T103 / Mumbai CSMT - Thane Local,EMU,Local,2026-08-22,MLND,TNA,19.17173,72.9566268,0.921921921921922,5,2026-08-22T19:17:00+05:30,2026-08-22T19:17:00+05:30,2026-08-22T19:22:31+05:30,2026-08-22T19:23:00+05:30,1.0,at-station,STATIONARY,30.7,0.0,22.0,5.0,0.0,60.01031,0.0,False,0.0,0.0,13,53,833,5,5.0,0.0
20260822T131216Z-moving-7b8b8e46,2026-08-22T13:54:34.552120+00:00,97399,T103 / Mumbai CSMT - Thane Local,EMU,Local,2026-08-22,MLND,TNA,19.1784725,72.9657669,0.4538461538461542,5,2026-08-22T19:17:00+05:30,2026-08-22T19:17:00+05:30,2026-08-22T19:22:31+05:30,2026-08-22T19:22:20+05:30,1.0,departed,MOVING,30.7,1.18,22.0,5.0,0.0,59.859483,0.0,False,0.0,0.0,13,54,834,5,5.0,0.0
20260822T131216Z-moving-7b8b8e46,2026-08-22T13:55:34.501268+00:00,97399,T103 / Mumbai CSMT - Thane Local,EMU,Local,2026-08-22,MLND,TNA,19.1812381,72.9695205,0.6461538461538466,5,2026-08-22T19:17:00+05:30,2026-08-22T19:17:00+05:30,2026-08-22T19:22:31+05:30,2026-08-22T19:22:20+05:30,1.0,departed,MOVING,30.7,1.68,22.0,5.0,0.0,59.949148,0.0,False,0.0,0.0,13,55,835,5,5.0,0.0
20260822T131216Z-moving-7b8b8e46,2026-08-22T13:56:34.500981+00:00,97399,T103 / Mumbai CSMT - Thane Local,EMU,Local,2026-08-22,MLND,TNA,19.1834201,72.9724807,0.8000000000000007,5,2026-08-22T19:17:00+05:30,2026-08-22T19:17:00+05:30,2026-08-22T19:22:31+05:30,2026-08-22T19:22:20+05:30,1.0,departed,MOVING,30.7,2.08,22.0,5.0,0.0,59.999713,0.0,False,0.0,0.0,13,56,836,5,5.0,0.0
20260822T131216Z-moving-7b8b8e46,2026-08-22T13:57:34.491056+00:00,97399,T103 / Mumbai CSMT - Thane Local,EMU,Local,2026-08-22,MLND,TNA,19.1834201,72.9724807,0.8000000000000007,5,2026-08-22T19:17:00+05:30,2026-08-22T19:17:00+05:30,2026-08-22T19:22:31+05:30,2026-08-22T19:22:20+05:30,1.0,departed,STATIONARY,30.7,2.08,22.0,5.0,0.0,59.990075,0.0,False,0.0,0.0,13,57,837,5,5.0,0.0
20260822T131216Z-moving-7b8b8e46,2026-08-22T13:58:34.455777+00:00,97399,T103 / Mumbai CSMT - Thane Local,EMU,Local,2026-08-22,MLND,TNA,19.1834201,72.9724807,0.8000000000000007,5,2026-08-22T19:17:00+05:30,2026-08-22T19:17:00+05:30,2026-08-22T19:22:31+05:30,2026-08-22T19:22:20+05:30,1.0,departed,STATIONARY,30.7,2.08,22.0,5.0,0.0,59.964721,0.0,False,0.0,0.0,13,58,838,5,5.0,0.0
20260822T131216Z-moving-7b8b8e46,2026-08-22T13:59:34.462038+00:00,97399,T103 / Mumbai CSMT - Thane Local,EMU,Local,2026-08-22,MLND,TNA,19.1834201,72.9724807,0.8000000000000007,5,2026-08-22T19:17:00+05:30,2026-08-22T19:17:00+05:30,2026-08-22T19:22:31+05:30,2026-08-22T19:22:20+05:30,1.0,departed,STATIONARY,30.7,2.08,22.0,5.0,0.0,60.006261,0.0,False,0.0,0.0,13,59,839,5,5.0,0.0
20260822T131216Z-moving-7b8b8e46,2026-08-22T14:00:34.453802+00:00,97399,T103 / Mumbai CSMT - Thane Local,EMU,Local,2026-08-22,MLND,TNA,19.1834201,72.9724807,0.8000000000000007,5,2026-08-22T19:17:00+05:30,2026-08-22T19:17:00+05:30,2026-08-22T19:22:31+05:30,2026-08-22T19:22:20+05:30,1.0,departed,STATIONARY,30.7,2.08,22.0,5.0,0.0,59.991764,0.0,False,0.0,0.0,14,0,840,5,4.0,-1.0
20260822T131216Z-moving-7b8b8e46,2026-08-22T14:02:34.537867+00:00,97399,T103 / Mumbai CSMT - Thane Local,EMU,Local,2026-08-22,TNA,,19.1861572,72.9761886,1.0,4,2026-08-22T19:23:00+05:30,,2026-08-22T19:24:00+05:30,,4.0,at-station,MOVING,33.3,0.0,23.0,5.0,-1.0,120.084065,2.599999999999998,True,1.0,77.94539600237545,14,2,842,5,9.0,5.0
20260822T131216Z-moving-7b8b8e46,2026-08-22T13:49:16.335302+00:00,97401,T107 / Mumbai CSMT - Thane Slow Local,EMU,Local,2026-08-22,GC,VK,19.0977153,72.9174804,0.4432432432432429,1,2026-08-22T19:11:00+05:30,2026-08-22T19:11:00+05:30,2026-08-22T19:10:00+05:30,2026-08-22T19:11:00+05:30,1.0,departed,MOVING,19.4,1.64,16.0,,,,,False,,,13,49,829,5,4.0,3.0
20260822T131216Z-moving-7b8b8e46,2026-08-22T13:50:16.198308+00:00,97401,T107 / Mumbai CSMT - Thane Slow Local,EMU,Local,2026-08-22,VK,KJRD,19.1119403,72.9284667,0.6936936936936938,4,2026-08-22T19:15:00+05:30,2026-08-22T19:15:00+05:30,2026-08-22T19:15:00+05:30,2026-08-22T19:15:00+05:30,1.0,at-station,MOVING,23.1,0.0,17.0,1.0,3.0,59.863006,3.700000000000003,True,1.0,222.50803776876842,13,50,830,5,4.0,0.0
20260822T131216Z-moving-7b8b8e46,2026-08-22T13:51:16.275077+00:00,97401,T107 / Mumbai CSMT - Thane Slow Local,EMU,Local,2026-08-22,VK,KJRD,19.1119403,72.9284667,0.6936936936936938,4,2026-08-22T19:15:00+05:30,2026-08-22T19:15:00+05:30,2026-08-22T19:15:00+05:30,2026-08-22T19:15:00+05:30,1.0,at-station,STATIONARY,23.1,0.0,17.0,4.0,0.0,60.076769,0.0,False,0.0,0.0,13,51,831,5,4.0,0.0
20260822T131216Z-moving-7b8b8e46,2026-08-22T13:52:16.240528+00:00,97401,T107 / Mumbai CSMT - Thane Slow Local,EMU,Local,2026-08-22,VK,KJRD,19.1119403,72.9284667,0.6936936936936938,4,2026-08-22T19:15:00+05:30,2026-08-22T19:15:00+05:30,2026-08-22T19:15:00+05:30,2026-08-22T19:15:00+05:30,1.0,at-station,STATIONARY,23.1,0.0,17.0,4.0,0.0,59.965451,0.0,False,0.0,0.0,13,52,832,5,4.0,0.0
20260822T131216Z-moving-7b8b8e46,2026-08-22T13:53:16.197599+00:00,97401,T107 / Mumbai CSMT - Thane Slow Local,EMU,Local,2026-08-22,VK,KJRD,19.1119403,72.9284667,0.6936936936936938,4,2026-08-22T19:15:00+05:30,2026-08-22T19:15:00+05:30,2026-08-22T19:15:00+05:30,2026-08-22T19:15:00+05:30,1.0,at-station,STATIONARY,23.1,0.0,17.0,4.0,0.0,59.957071,0.0,False,0.0,0.0,13,53,833,5,-1.0,-5.0
